year_month,variable,value
2019-03,action figure,54
2019-04,action figure,57
2019-05,action figure,55
2019-06,action figure,54
2019-07,action figure,58
2019-08,action figure,54
2019-09,action figure,55
2019-10,action figure,51
2019-11,action figure,69
2019-12,action figure,88
2020-01,action figure,56
2019-03,air hockey,39
2019-04,air hockey,28
2019-05,air hockey,26
2019-06,air hockey,30
2019-07,air hockey,27
2019-08,air hockey,26
2019-09,air hockey,31
2019-10,air hockey,41
2019-11,air hockey,70
2019-12,air hockey,88
2020-01,air hockey,41
2019-03,air sports,78
2019-04,air sports,59
2019-05,air sports,57
2019-06,air sports,71
2019-07,air sports,75
2019-08,air sports,69
2019-09,air sports,52
2019-10,air sports,61
2019-11,air sports,82
2019-12,air sports,100
2020-01,air sports,77
2019-03,airsoft,50
2019-04,airsoft,47
2019-05,airsoft,45
2019-06,airsoft,49
2019-07,airsoft,50
2019-08,airsoft,44
2019-09,airsoft,39
2019-10,airsoft,39
2019-11,airsoft,52
2019-12,airsoft,53
2020-01,airsoft,51
2019-03,amusement park,47
2019-04,amusement park,54
2019-05,amusement park,60
2019-06,amusement park,85
2019-07,amusement park,97
2019-08,amusement park,70
2019-09,amusement park,42
2019-10,amusement park,37
2019-11,amusement park,29
2019-12,amusement park,30
2020-01,amusement park,35
2019-03,antiquing,68
2019-04,antiquing,52
2019-05,antiquing,54
2019-06,antiquing,83
2019-07,antiquing,58
2019-08,antiquing,59
2019-09,antiquing,51
2019-10,antiquing,36
2019-11,antiquing,61
2019-12,antiquing,59
2020-01,antiquing,49
2019-03,archery,50
2019-04,archery,43
2019-05,archery,48
2019-06,archery,50
2019-07,archery,55
2019-08,archery,65
2019-09,archery,66
2019-10,archery,61
2019-11,archery,59
2019-12,archery,54
2020-01,archery,56
2019-03,association football,23
2019-04,association football,20
2019-05,association football,20
2019-06,association football,20
2019-07,association football,26
2019-08,association football,46
2019-09,association football,67
2019-10,association football,55
2019-11,association football,48
2019-12,association football,33
2020-01,association football,28
2019-03,astronomy,54
2019-04,astronomy,63
2019-05,astronomy,54
2019-06,astronomy,41
2019-07,astronomy,36
2019-08,astronomy,56
2019-09,astronomy,72
2019-10,astronomy,67
2019-11,astronomy,58
2019-12,astronomy,57
2020-01,astronomy,63
2019-03,audiophile,70
2019-04,audiophile,61
2019-05,audiophile,53
2019-06,audiophile,47
2019-07,audiophile,65
2019-08,audiophile,50
2019-09,audiophile,54
2019-10,audiophile,56
2019-11,audiophile,63
2019-12,audiophile,71
2020-01,audiophile,58
2019-03,australian rules football,71
2019-04,australian rules football,13
2019-05,australian rules football,34
2019-06,australian rules football,33
2019-07,australian rules football,32
2019-08,australian rules football,22
2019-09,australian rules football,27
2019-10,australian rules football,37
2019-11,australian rules football,27
2019-12,australian rules football,21
2020-01,australian rules football,16
2019-03,auto detailing,91
2019-04,auto detailing,93
2019-05,auto detailing,86
2019-06,auto detailing,100
2019-07,auto detailing,95
2019-08,auto detailing,93
2019-09,auto detailing,82
2019-10,auto detailing,74
2019-11,auto detailing,65
2019-12,auto detailing,70
2020-01,auto detailing,61
2019-03,auto racing,57
2019-04,auto racing,45
2019-05,auto racing,48
2019-06,auto racing,54
2019-07,auto racing,51
2019-08,auto racing,57
2019-09,auto racing,59
2019-10,auto racing,45
2019-11,auto racing,43
2019-12,auto racing,45
2020-01,auto racing,52
2019-03,axe throwing,76
2019-04,axe throwing,70
2019-05,axe throwing,63
2019-06,axe throwing,68
2019-07,axe throwing,65
2019-08,axe throwing,69
2019-09,axe throwing,59
2019-10,axe throwing,59
2019-11,axe throwing,78
2019-12,axe throwing,92
2020-01,axe throwing,100
2019-03,backgammon,58
2019-04,backgammon,69
2019-05,backgammon,69
2019-06,backgammon,68
2019-07,backgammon,79
2019-08,backgammon,72
2019-09,backgammon,71
2019-10,backgammon,65
2019-11,backgammon,76
2019-12,backgammon,100
2020-01,backgammon,83
2019-03,backpacking,67
2019-04,backpacking,66
2019-05,backpacking,72
2019-06,backpacking,85
2019-07,backpacking,88
2019-08,backpacking,81
2019-09,backpacking,59
2019-10,backpacking,45
2019-11,backpacking,43
2019-12,backpacking,45
2020-01,backpacking,49
2019-03,badminton,26
2019-04,badminton,25
2019-05,badminton,28
2019-06,badminton,26
2019-07,badminton,25
2019-08,badminton,25
2019-09,badminton,24
2019-10,badminton,27
2019-11,badminton,24
2019-12,badminton,20
2020-01,badminton,23
2019-03,base jumping,17
2019-04,base jumping,17
2019-05,base jumping,14
2019-06,base jumping,9
2019-07,base jumping,10
2019-08,base jumping,11
2019-09,base jumping,14
2019-10,base jumping,12
2019-11,base jumping,8
2019-12,base jumping,9
2020-01,base jumping,10
2019-03,baseball,73
2019-04,baseball,86
2019-05,baseball,95
2019-06,baseball,100
2019-07,baseball,55
2019-08,baseball,46
2019-09,baseball,39
2019-10,baseball,49
2019-11,baseball,25
2019-12,baseball,23
2020-01,baseball,29
2019-03,basketball,100
2019-04,basketball,30
2019-05,basketball,16
2019-06,basketball,15
2019-07,basketball,12
2019-08,basketball,11
2019-09,basketball,13
2019-10,basketball,17
2019-11,basketball,47
2019-12,basketball,44
2020-01,basketball,57
2019-03,beach volleyball,3
2019-04,beach volleyball,4
2019-05,beach volleyball,5
2019-06,beach volleyball,4
2019-07,beach volleyball,4
2019-08,beach volleyball,2
2019-09,beach volleyball,2
2019-10,beach volleyball,2
2019-11,beach volleyball,1
2019-12,beach volleyball,1
2020-01,beach volleyball,2
2019-03,beachcombing,42
2019-04,beachcombing,53
2019-05,beachcombing,43
2019-06,beachcombing,54
2019-07,beachcombing,87
2019-08,beachcombing,59
2019-09,beachcombing,24
2019-10,beachcombing,79
2019-11,beachcombing,0
2019-12,beachcombing,40
2020-01,beachcombing,45
2019-03,beauty pageants,44
2019-04,beauty pageants,27
2019-05,beauty pageants,40
2019-06,beauty pageants,24
2019-07,beauty pageants,31
2019-08,beauty pageants,21
2019-09,beauty pageants,30
2019-10,beauty pageants,30
2019-11,beauty pageants,28
2019-12,beauty pageants,35
2020-01,beauty pageants,32
2019-03,beekeeping,67
2019-04,beekeeping,91
2019-05,beekeeping,74
2019-06,beekeeping,63
2019-07,beekeeping,59
2019-08,beekeeping,54
2019-09,beekeeping,44
2019-10,beekeeping,45
2019-11,beekeeping,41
2019-12,beekeeping,41
2020-01,beekeeping,58
2019-03,billiards,92
2019-04,billiards,71
2019-05,billiards,68
2019-06,billiards,71
2019-07,billiards,73
2019-08,billiards,74
2019-09,billiards,67
2019-10,billiards,69
2019-11,billiards,74
2019-12,billiards,87
2020-01,billiards,84
2019-03,birdwatching,81
2019-04,birdwatching,51
2019-05,birdwatching,50
2019-06,birdwatching,96
2019-07,birdwatching,84
2019-08,birdwatching,86
2019-09,birdwatching,48
2019-10,birdwatching,62
2019-11,birdwatching,68
2019-12,birdwatching,55
2020-01,birdwatching,84
2019-03,blacksmithing,37
2019-04,blacksmithing,38
2019-05,blacksmithing,37
2019-06,blacksmithing,39
2019-07,blacksmithing,36
2019-08,blacksmithing,44
2019-09,blacksmithing,81
2019-10,blacksmithing,55
2019-11,blacksmithing,49
2019-12,blacksmithing,33
2020-01,blacksmithing,36
2019-03,bmx,54
2019-04,bmx,60
2019-05,bmx,70
2019-06,bmx,80
2019-07,bmx,77
2019-08,bmx,74
2019-09,bmx,71
2019-10,bmx,65
2019-11,bmx,63
2019-12,bmx,61
2020-01,bmx,52
2019-03,board sports,49
2019-04,board sports,44
2019-05,board sports,42
2019-06,board sports,53
2019-07,board sports,50
2019-08,board sports,52
2019-09,board sports,62
2019-10,board sports,57
2019-11,board sports,65
2019-12,board sports,58
2020-01,board sports,52
2019-03,boardgames,30
2019-04,boardgames,39
2019-05,boardgames,44
2019-06,boardgames,34
2019-07,boardgames,35
2019-08,boardgames,50
2019-09,boardgames,37
2019-10,boardgames,50
2019-11,boardgames,56
2019-12,boardgames,84
2020-01,boardgames,49
2019-03,bodybuilding,41
2019-04,bodybuilding,41
2019-05,bodybuilding,40
2019-06,bodybuilding,40
2019-07,bodybuilding,40
2019-08,bodybuilding,35
2019-09,bodybuilding,33
2019-10,bodybuilding,33
2019-11,bodybuilding,31
2019-12,bodybuilding,30
2020-01,bodybuilding,33
2019-03,bonsai,88
2019-04,bonsai,91
2019-05,bonsai,96
2019-06,bonsai,94
2019-07,bonsai,86
2019-08,bonsai,85
2019-09,bonsai,71
2019-10,bonsai,65
2019-11,bonsai,68
2019-12,bonsai,79
2020-01,bonsai,74
2019-03,boxing,51
2019-04,boxing,44
2019-05,boxing,49
2019-06,boxing,56
2019-07,boxing,51
2019-08,boxing,41
2019-09,boxing,45
2019-10,boxing,41
2019-11,boxing,57
2019-12,boxing,68
2020-01,boxing,45
2019-03,breakdancing,56
2019-04,breakdancing,39
2019-05,breakdancing,60
2019-06,breakdancing,97
2019-07,breakdancing,61
2019-08,breakdancing,64
2019-09,breakdancing,63
2019-10,breakdancing,69
2019-11,breakdancing,61
2019-12,breakdancing,41
2020-01,breakdancing,67
2019-03,bridge,68
2019-04,bridge,70
2019-05,bridge,75
2019-06,bridge,75
2019-07,bridge,74
2019-08,bridge,75
2019-09,bridge,70
2019-10,bridge,69
2019-11,bridge,63
2019-12,bridge,59
2020-01,bridge,60
2019-03,bus riding,37
2019-04,bus riding,24
2019-05,bus riding,34
2019-06,bus riding,29
2019-07,bus riding,34
2019-08,bus riding,42
2019-09,bus riding,50
2019-10,bus riding,44
2019-11,bus riding,30
2019-12,bus riding,29
2020-01,bus riding,29
2019-03,camping,48
2019-04,camping,54
2019-05,camping,74
2019-06,camping,93
2019-07,camping,93
2019-08,camping,76
2019-09,camping,53
2019-10,camping,39
2019-11,camping,29
2019-12,camping,30
2020-01,camping,37
2019-03,canoeing,21
2019-04,canoeing,30
2019-05,canoeing,44
2019-06,canoeing,50
2019-07,canoeing,67
2019-08,canoeing,49
2019-09,canoeing,21
2019-10,canoeing,13
2019-11,canoeing,9
2019-12,canoeing,9
2020-01,canoeing,13
2019-03,canyoning,39
2019-04,canyoning,28
2019-05,canyoning,74
2019-06,canyoning,100
2019-07,canyoning,89
2019-08,canyoning,86
2019-09,canyoning,57
2019-10,canyoning,29
2019-11,canyoning,44
2019-12,canyoning,33
2020-01,canyoning,55
2019-03,car riding,71
2019-04,car riding,86
2019-05,car riding,85
2019-06,car riding,86
2019-07,car riding,82
2019-08,car riding,76
2019-09,car riding,69
2019-10,car riding,66
2019-11,car riding,77
2019-12,car riding,68
2020-01,car riding,62
2019-03,car tuning,69
2019-04,car tuning,76
2019-05,car tuning,69
2019-06,car tuning,68
2019-07,car tuning,61
2019-08,car tuning,83
2019-09,car tuning,77
2019-10,car tuning,68
2019-11,car tuning,59
2019-12,car tuning,55
2020-01,car tuning,71
2019-03,caving,68
2019-04,caving,62
2019-05,caving,60
2019-06,caving,75
2019-07,caving,75
2019-08,caving,59
2019-09,caving,46
2019-10,caving,51
2019-11,caving,47
2019-12,caving,54
2020-01,caving,61
2019-03,checkers,95
2019-04,checkers,87
2019-05,checkers,98
2019-06,checkers,97
2019-07,checkers,89
2019-08,checkers,90
2019-09,checkers,83
2019-10,checkers,85
2019-11,checkers,89
2019-12,checkers,88
2020-01,checkers,86
2019-03,cheerleading,43
2019-04,cheerleading,45
2019-05,cheerleading,38
2019-06,cheerleading,35
2019-07,cheerleading,34
2019-08,cheerleading,40
2019-09,cheerleading,48
2019-10,cheerleading,46
2019-11,cheerleading,38
2019-12,cheerleading,32
2020-01,cheerleading,59
2019-03,climbing,100
2019-04,climbing,91
2019-05,climbing,89
2019-06,climbing,85
2019-07,climbing,85
2019-08,climbing,81
2019-09,climbing,79
2019-10,climbing,75
2019-11,climbing,81
2019-12,climbing,81
2020-01,climbing,78
2019-03,color guard,81
2019-04,color guard,72
2019-05,color guard,77
2019-06,color guard,52
2019-07,color guard,62
2019-08,color guard,73
2019-09,color guard,79
2019-10,color guard,65
2019-11,color guard,70
2019-12,color guard,47
2020-01,color guard,56
2019-03,composting,62
2019-04,composting,89
2019-05,composting,100
2019-06,composting,69
2019-07,composting,56
2019-08,composting,55
2019-09,composting,60
2019-10,composting,57
2019-11,composting,58
2019-12,composting,50
2020-01,composting,62
2019-03,cornhole,25
2019-04,cornhole,43
2019-05,cornhole,65
2019-06,cornhole,92
2019-07,cornhole,100
2019-08,cornhole,82
2019-09,cornhole,55
2019-10,cornhole,36
2019-11,cornhole,30
2019-12,cornhole,35
2020-01,cornhole,26
2019-03,cribbage,65
2019-04,cribbage,62
2019-05,cribbage,71
2019-06,cribbage,69
2019-07,cribbage,76
2019-08,cribbage,69
2019-09,cribbage,66
2019-10,cribbage,56
2019-11,cribbage,70
2019-12,cribbage,96
2020-01,cribbage,92
2019-03,cricket,29
2019-04,cricket,27
2019-05,cricket,32
2019-06,cricket,85
2019-07,cricket,63
2019-08,cricket,33
2019-09,cricket,31
2019-10,cricket,29
2019-11,cricket,32
2019-12,cricket,31
2020-01,cricket,27
2019-03,crochet,58
2019-04,crochet,51
2019-05,crochet,49
2019-06,crochet,54
2019-07,crochet,54
2019-08,crochet,54
2019-09,crochet,53
2019-10,crochet,61
2019-11,crochet,68
2019-12,crochet,73
2020-01,crochet,67
2019-03,croquet,50
2019-04,croquet,79
2019-05,croquet,78
2019-06,croquet,82
2019-07,croquet,84
2019-08,croquet,64
2019-09,croquet,49
2019-10,croquet,43
2019-11,croquet,39
2019-12,croquet,45
2020-01,croquet,30
2019-03,cross stitching,67
2019-04,cross stitching,50
2019-05,cross stitching,39
2019-06,cross stitching,48
2019-07,cross stitching,57
2019-08,cross stitching,71
2019-09,cross stitching,65
2019-10,cross stitching,77
2019-11,cross stitching,49
2019-12,cross stitching,92
2020-01,cross stitching,66
2019-03,curling,10
2019-04,curling,9
2019-05,curling,8
2019-06,curling,8
2019-07,curling,7
2019-08,curling,8
2019-09,curling,8
2019-10,curling,8
2019-11,curling,10
2019-12,curling,13
2020-01,curling,10
2019-03,cycling,52
2019-04,cycling,56
2019-05,cycling,57
2019-06,cycling,61
2019-07,cycling,65
2019-08,cycling,56
2019-09,cycling,50
2019-10,cycling,45
2019-11,cycling,42
2019-12,cycling,44
2020-01,cycling,48
2019-03,dancing,46
2019-04,dancing,43
2019-05,dancing,42
2019-06,dancing,43
2019-07,dancing,43
2019-08,dancing,54
2019-09,dancing,61
2019-10,dancing,62
2019-11,dancing,63
2019-12,dancing,47
2020-01,dancing,44
2019-03,darts,83
2019-04,darts,71
2019-05,darts,68
2019-06,darts,68
2019-07,darts,72
2019-08,darts,64
2019-09,darts,68
2019-10,darts,67
2019-11,darts,80
2019-12,darts,100
2020-01,darts,87
2019-03,debate,3
2019-04,debate,3
2019-05,debate,2
2019-06,debate,19
2019-07,debate,11
2019-08,debate,8
2019-09,debate,12
2019-10,debate,10
2019-11,debate,9
2019-12,debate,7
2020-01,debate,9
2019-03,disc golf,63
2019-04,disc golf,75
2019-05,disc golf,82
2019-06,disc golf,84
2019-07,disc golf,84
2019-08,disc golf,83
2019-09,disc golf,68
2019-10,disc golf,56
2019-11,disc golf,45
2019-12,disc golf,41
2020-01,disc golf,44
2019-03,documentaries,90
2019-04,documentaries,78
2019-05,documentaries,73
2019-06,documentaries,73
2019-07,documentaries,71
2019-08,documentaries,70
2019-09,documentaries,69
2019-10,documentaries,65
2019-11,documentaries,70
2019-12,documentaries,69
2020-01,documentaries,92
2019-03,dog sport,66
2019-04,dog sport,54
2019-05,dog sport,50
2019-06,dog sport,68
2019-07,dog sport,65
2019-08,dog sport,65
2019-09,dog sport,58
2019-10,dog sport,77
2019-11,dog sport,61
2019-12,dog sport,83
2020-01,dog sport,71
2019-03,dog training,94
2019-04,dog training,90
2019-05,dog training,88
2019-06,dog training,96
2019-07,dog training,90
2019-08,dog training,95
2019-09,dog training,84
2019-10,dog training,86
2019-11,dog training,85
2019-12,dog training,89
2020-01,dog training,100
2019-03,dog walking,90
2019-04,dog walking,84
2019-05,dog walking,90
2019-06,dog walking,98
2019-07,dog walking,82
2019-08,dog walking,87
2019-09,dog walking,86
2019-10,dog walking,84
2019-11,dog walking,78
2019-12,dog walking,84
2020-01,dog walking,86
2019-03,dominoes,67
2019-04,dominoes,54
2019-05,dominoes,53
2019-06,dominoes,56
2019-07,dominoes,55
2019-08,dominoes,48
2019-09,dominoes,45
2019-10,dominoes,48
2019-11,dominoes,48
2019-12,dominoes,59
2020-01,dominoes,48
2019-03,dowsing,57
2019-04,dowsing,75
2019-05,dowsing,56
2019-06,dowsing,62
2019-07,dowsing,52
2019-08,dowsing,81
2019-09,dowsing,63
2019-10,dowsing,46
2019-11,dowsing,61
2019-12,dowsing,50
2020-01,dowsing,56
2019-03,driving,73
2019-04,driving,73
2019-05,driving,78
2019-06,driving,86
2019-07,driving,80
2019-08,driving,75
2019-09,driving,73
2019-10,driving,67
2019-11,driving,61
2019-12,driving,64
2020-01,driving,70
2019-03,dungeons & dragons,70
2019-04,dungeons & dragons,73
2019-05,dungeons & dragons,80
2019-06,dungeons & dragons,58
2019-07,dungeons & dragons,68
2019-08,dungeons & dragons,57
2019-09,dungeons & dragons,70
2019-10,dungeons & dragons,80
2019-11,dungeons & dragons,50
2019-12,dungeons & dragons,74
2020-01,dungeons & dragons,65
2019-03,eating,84
2019-04,eating,83
2019-05,eating,79
2019-06,eating,87
2019-07,eating,100
2019-08,eating,81
2019-09,eating,80
2019-10,eating,78
2019-11,eating,76
2019-12,eating,75
2020-01,eating,81
2019-03,editing,78
2019-04,editing,75
2019-05,editing,75
2019-06,editing,72
2019-07,editing,71
2019-08,editing,70
2019-09,editing,73
2019-10,editing,77
2019-11,editing,76
2019-12,editing,73
2020-01,editing,74
2019-03,emacs,52
2019-04,emacs,51
2019-05,emacs,48
2019-06,emacs,49
2019-07,emacs,52
2019-08,emacs,47
2019-09,emacs,43
2019-10,emacs,49
2019-11,emacs,39
2019-12,emacs,34
2020-01,emacs,42
2019-03,esports,55
2019-04,esports,50
2019-05,esports,53
2019-06,esports,48
2019-07,esports,50
2019-08,esports,54
2019-09,esports,51
2019-10,esports,71
2019-11,esports,57
2019-12,esports,43
2020-01,esports,49
2019-03,farming,57
2019-04,farming,58
2019-05,farming,57
2019-06,farming,55
2019-07,farming,53
2019-08,farming,53
2019-09,farming,60
2019-10,farming,63
2019-11,farming,60
2019-12,farming,57
2020-01,farming,62
2019-03,fencing,61
2019-04,fencing,74
2019-05,fencing,67
2019-06,fencing,65
2019-07,fencing,54
2019-08,fencing,53
2019-09,fencing,52
2019-10,fencing,46
2019-11,fencing,42
2019-12,fencing,37
2020-01,fencing,47
2019-03,field hockey,18
2019-04,field hockey,19
2019-05,field hockey,19
2019-06,field hockey,20
2019-07,field hockey,19
2019-08,field hockey,36
2019-09,field hockey,63
2019-10,field hockey,61
2019-11,field hockey,51
2019-12,field hockey,15
2020-01,field hockey,17
2019-03,figure skating,5
2019-04,figure skating,2
2019-05,figure skating,2
2019-06,figure skating,2
2019-07,figure skating,2
2019-08,figure skating,2
2019-09,figure skating,2
2019-10,figure skating,3
2019-11,figure skating,3
2019-12,figure skating,3
2020-01,figure skating,7
2019-03,fishing,65
2019-04,fishing,76
2019-05,fishing,86
2019-06,fishing,100
2019-07,fishing,93
2019-08,fishing,78
2019-09,fishing,61
2019-10,fishing,50
2019-11,fishing,43
2019-12,fishing,47
2020-01,fishing,52
2019-03,fitness,76
2019-04,fitness,76
2019-05,fitness,81
2019-06,fitness,78
2019-07,fitness,81
2019-08,fitness,72
2019-09,fitness,70
2019-10,fitness,67
2019-11,fitness,70
2019-12,fitness,73
2020-01,fitness,95
2019-03,flag football,42
2019-04,flag football,44
2019-05,flag football,41
2019-06,flag football,35
2019-07,flag football,40
2019-08,flag football,70
2019-09,flag football,89
2019-10,flag football,66
2019-11,flag football,50
2019-12,flag football,30
2020-01,flag football,45
2019-03,flower growing,56
2019-04,flower growing,88
2019-05,flower growing,74
2019-06,flower growing,67
2019-07,flower growing,61
2019-08,flower growing,39
2019-09,flower growing,41
2019-10,flower growing,39
2019-11,flower growing,30
2019-12,flower growing,26
2020-01,flower growing,38
2019-03,flying,88
2019-04,flying,93
2019-05,flying,97
2019-06,flying,100
2019-07,flying,96
2019-08,flying,91
2019-09,flying,87
2019-10,flying,87
2019-11,flying,82
2019-12,flying,82
2020-01,flying,90
2019-03,flying disc,12
2019-04,flying disc,19
2019-05,flying disc,100
2019-06,flying disc,58
2019-07,flying disc,52
2019-08,flying disc,21
2019-09,flying disc,13
2019-10,flying disc,17
2019-11,flying disc,16
2019-12,flying disc,34
2020-01,flying disc,9
2019-03,footbag,12
2019-04,footbag,31
2019-05,footbag,18
2019-06,footbag,44
2019-07,footbag,55
2019-08,footbag,30
2019-09,footbag,23
2019-10,footbag,50
2019-11,footbag,17
2019-12,footbag,33
2020-01,footbag,26
2019-03,foraging,64
2019-04,foraging,100
2019-05,foraging,89
2019-06,foraging,71
2019-07,foraging,52
2019-08,foraging,62
2019-09,foraging,98
2019-10,foraging,82
2019-11,foraging,74
2019-12,foraging,68
2020-01,foraging,73
2019-03,freestyle football,21
2019-04,freestyle football,11
2019-05,freestyle football,16
2019-06,freestyle football,17
2019-07,freestyle football,17
2019-08,freestyle football,11
2019-09,freestyle football,46
2019-10,freestyle football,10
2019-11,freestyle football,51
2019-12,freestyle football,30
2020-01,freestyle football,14
2019-03,frisbee,40
2019-04,frisbee,58
2019-05,frisbee,62
2019-06,frisbee,61
2019-07,frisbee,51
2019-08,frisbee,53
2019-09,frisbee,52
2019-10,frisbee,44
2019-11,frisbee,36
2019-12,frisbee,34
2020-01,frisbee,37
2019-03,fruit picking,24
2019-04,fruit picking,40
2019-05,fruit picking,62
2019-06,fruit picking,100
2019-07,fruit picking,87
2019-08,fruit picking,73
2019-09,fruit picking,69
2019-10,fruit picking,49
2019-11,fruit picking,15
2019-12,fruit picking,11
2020-01,fruit picking,21
2019-03,geocaching,21
2019-04,geocaching,26
2019-05,geocaching,27
2019-06,geocaching,30
2019-07,geocaching,29
2019-08,geocaching,25
2019-09,geocaching,20
2019-10,geocaching,20
2019-11,geocaching,18
2019-12,geocaching,15
2020-01,geocaching,19
2019-03,ghost hunting,63
2019-04,ghost hunting,60
2019-05,ghost hunting,45
2019-06,ghost hunting,56
2019-07,ghost hunting,72
2019-08,ghost hunting,61
2019-09,ghost hunting,67
2019-10,ghost hunting,80
2019-11,ghost hunting,54
2019-12,ghost hunting,66
2020-01,ghost hunting,56
2019-03,go,36
2019-04,go,33
2019-05,go,35
2019-06,go,36
2019-07,go,37
2019-08,go,36
2019-09,go,35
2019-10,go,33
2019-11,go,33
2019-12,go,33
2020-01,go,35
2019-03,gold prospecting,27
2019-04,gold prospecting,32
2019-05,gold prospecting,32
2019-06,gold prospecting,37
2019-07,gold prospecting,26
2019-08,gold prospecting,31
2019-09,gold prospecting,20
2019-10,gold prospecting,20
2019-11,gold prospecting,28
2019-12,gold prospecting,25
2020-01,gold prospecting,24
2019-03,golfing,58
2019-04,golfing,72
2019-05,golfing,73
2019-06,golfing,93
2019-07,golfing,86
2019-08,golfing,75
2019-09,golfing,62
2019-10,golfing,52
2019-11,golfing,43
2019-12,golfing,58
2020-01,golfing,56
2019-03,graffiti,65
2019-04,graffiti,65
2019-05,graffiti,65
2019-06,graffiti,56
2019-07,graffiti,60
2019-08,graffiti,75
2019-09,graffiti,66
2019-10,graffiti,64
2019-11,graffiti,61
2019-12,graffiti,59
2020-01,graffiti,59
2019-03,gymnastics,15
2019-04,gymnastics,14
2019-05,gymnastics,11
2019-06,gymnastics,11
2019-07,gymnastics,11
2019-08,gymnastics,14
2019-09,gymnastics,11
2019-10,gymnastics,12
2019-11,gymnastics,10
2019-12,gymnastics,9
2020-01,gymnastics,14
2019-03,handball,9
2019-04,handball,10
2019-05,handball,8
2019-06,handball,10
2019-07,handball,7
2019-08,handball,9
2019-09,handball,9
2019-10,handball,12
2019-11,handball,12
2019-12,handball,12
2020-01,handball,17
2019-03,herbalism,32
2019-04,herbalism,40
2019-05,herbalism,31
2019-06,herbalism,50
2019-07,herbalism,30
2019-08,herbalism,57
2019-09,herbalism,100
2019-10,herbalism,79
2019-11,herbalism,65
2019-12,herbalism,56
2020-01,herbalism,63
2019-03,herping,46
2019-04,herping,55
2019-05,herping,54
2019-06,herping,49
2019-07,herping,34
2019-08,herping,58
2019-09,herping,32
2019-10,herping,23
2019-11,herping,28
2019-12,herping,32
2020-01,herping,30
2019-03,hiking,76
2019-04,hiking,76
2019-05,hiking,81
2019-06,hiking,96
2019-07,hiking,92
2019-08,hiking,84
2019-09,hiking,72
2019-10,hiking,68
2019-11,hiking,59
2019-12,hiking,54
2020-01,hiking,64
2019-03,hooping,39
2019-04,hooping,36
2019-05,hooping,28
2019-06,hooping,33
2019-07,hooping,31
2019-08,hooping,28
2019-09,hooping,30
2019-10,hooping,24
2019-11,hooping,22
2019-12,hooping,26
2020-01,hooping,31
2019-03,horseback riding,58
2019-04,horseback riding,63
2019-05,horseback riding,68
2019-06,horseback riding,84
2019-07,horseback riding,93
2019-08,horseback riding,81
2019-09,horseback riding,58
2019-10,horseback riding,51
2019-11,horseback riding,41
2019-12,horseback riding,38
2020-01,horseback riding,40
2019-03,horsemanship,65
2019-04,horsemanship,54
2019-05,horsemanship,56
2019-06,horsemanship,57
2019-07,horsemanship,67
2019-08,horsemanship,65
2019-09,horsemanship,65
2019-10,horsemanship,58
2019-11,horsemanship,49
2019-12,horsemanship,50
2020-01,horsemanship,57
2019-03,horseshoes,48
2019-04,horseshoes,51
2019-05,horseshoes,58
2019-06,horseshoes,73
2019-07,horseshoes,80
2019-08,horseshoes,59
2019-09,horseshoes,50
2019-10,horseshoes,38
2019-11,horseshoes,39
2019-12,horseshoes,45
2020-01,horseshoes,38
2019-03,hunting,10
2019-04,hunting,10
2019-05,hunting,8
2019-06,hunting,8
2019-07,hunting,9
2019-08,hunting,23
2019-09,hunting,100
2019-10,hunting,19
2019-11,hunting,22
2019-12,hunting,17
2020-01,hunting,12
2019-03,hydroponics,74
2019-04,hydroponics,67
2019-05,hydroponics,68
2019-06,hydroponics,66
2019-07,hydroponics,63
2019-08,hydroponics,68
2019-09,hydroponics,62
2019-10,hydroponics,58
2019-11,hydroponics,53
2019-12,hydroponics,59
2020-01,hydroponics,69
2019-03,ice hockey,16
2019-04,ice hockey,12
2019-05,ice hockey,10
2019-06,ice hockey,8
2019-07,ice hockey,7
2019-08,ice hockey,8
2019-09,ice hockey,11
2019-10,ice hockey,14
2019-11,ice hockey,16
2019-12,ice hockey,16
2020-01,ice hockey,19
2019-03,ice skating,18
2019-04,ice skating,8
2019-05,ice skating,7
2019-06,ice skating,9
2019-07,ice skating,9
2019-08,ice skating,9
2019-09,ice skating,9
2019-10,ice skating,12
2019-11,ice skating,41
2019-12,ice skating,96
2020-01,ice skating,50
2019-03,inline skating,45
2019-04,inline skating,45
2019-05,inline skating,28
2019-06,inline skating,24
2019-07,inline skating,32
2019-08,inline skating,34
2019-09,inline skating,39
2019-10,inline skating,23
2019-11,inline skating,40
2019-12,inline skating,23
2020-01,inline skating,24
2019-03,jewelry making,72
2019-04,jewelry making,63
2019-05,jewelry making,69
2019-06,jewelry making,77
2019-07,jewelry making,68
2019-08,jewelry making,75
2019-09,jewelry making,78
2019-10,jewelry making,67
2019-11,jewelry making,79
2019-12,jewelry making,86
2020-01,jewelry making,78
2019-03,jigsaw puzzles,48
2019-04,jigsaw puzzles,49
2019-05,jigsaw puzzles,46
2019-06,jigsaw puzzles,34
2019-07,jigsaw puzzles,40
2019-08,jigsaw puzzles,42
2019-09,jigsaw puzzles,45
2019-10,jigsaw puzzles,47
2019-11,jigsaw puzzles,48
2019-12,jigsaw puzzles,62
2020-01,jigsaw puzzles,50
2019-03,jogging,75
2019-04,jogging,73
2019-05,jogging,63
2019-06,jogging,66
2019-07,jogging,69
2019-08,jogging,69
2019-09,jogging,79
2019-10,jogging,78
2019-11,jogging,77
2019-12,jogging,85
2020-01,jogging,70
2019-03,jokes,52
2019-04,jokes,55
2019-05,jokes,53
2019-06,jokes,51
2019-07,jokes,45
2019-08,jokes,45
2019-09,jokes,46
2019-10,jokes,53
2019-11,jokes,56
2019-12,jokes,53
2020-01,jokes,49
2019-03,journaling,56
2019-04,journaling,63
2019-05,journaling,63
2019-06,journaling,60
2019-07,journaling,60
2019-08,journaling,55
2019-09,journaling,55
2019-10,journaling,61
2019-11,journaling,65
2019-12,journaling,71
2020-01,journaling,85
2019-03,judo,17
2019-04,judo,17
2019-05,judo,18
2019-06,judo,17
2019-07,judo,17
2019-08,judo,20
2019-09,judo,19
2019-10,judo,19
2019-11,judo,18
2019-12,judo,14
2020-01,judo,16
2019-03,juggling,57
2019-04,juggling,47
2019-05,juggling,51
2019-06,juggling,52
2019-07,juggling,68
2019-08,juggling,57
2019-09,juggling,69
2019-10,juggling,53
2019-11,juggling,45
2019-12,juggling,57
2020-01,juggling,51
2019-03,jujitsu,74
2019-04,jujitsu,64
2019-05,jujitsu,56
2019-06,jujitsu,62
2019-07,jujitsu,54
2019-08,jujitsu,65
2019-09,jujitsu,64
2019-10,jujitsu,57
2019-11,jujitsu,53
2019-12,jujitsu,67
2020-01,jujitsu,63
2019-03,jumping rope,58
2019-04,jumping rope,49
2019-05,jumping rope,67
2019-06,jumping rope,67
2019-07,jumping rope,63
2019-08,jumping rope,60
2019-09,jumping rope,45
2019-10,jumping rope,53
2019-11,jumping rope,43
2019-12,jumping rope,38
2020-01,jumping rope,54
2019-03,kabaddi,8
2019-04,kabaddi,4
2019-05,kabaddi,6
2019-06,kabaddi,8
2019-07,kabaddi,22
2019-08,kabaddi,26
2019-09,kabaddi,35
2019-10,kabaddi,22
2019-11,kabaddi,12
2019-12,kabaddi,10
2020-01,kabaddi,9
2019-03,karaoke,62
2019-04,karaoke,55
2019-05,karaoke,60
2019-06,karaoke,65
2019-07,karaoke,59
2019-08,karaoke,56
2019-09,karaoke,55
2019-10,karaoke,55
2019-11,karaoke,62
2019-12,karaoke,77
2020-01,karaoke,58
2019-03,karate,64
2019-04,karate,66
2019-05,karate,66
2019-06,karate,62
2019-07,karate,58
2019-08,karate,65
2019-09,karate,73
2019-10,karate,82
2019-11,karate,67
2019-12,karate,55
2020-01,karate,62
2019-03,kart racing,81
2019-04,kart racing,65
2019-05,kart racing,67
2019-06,kart racing,96
2019-07,kart racing,90
2019-08,kart racing,79
2019-09,kart racing,54
2019-10,kart racing,48
2019-11,kart racing,53
2019-12,kart racing,58
2020-01,kart racing,53
2019-03,karting,72
2019-04,karting,69
2019-05,karting,69
2019-06,karting,86
2019-07,karting,90
2019-08,karting,77
2019-09,karting,62
2019-10,karting,51
2019-11,karting,62
2019-12,karting,64
2020-01,karting,67
2019-03,kayaking,27
2019-04,kayaking,33
2019-05,kayaking,53
2019-06,kayaking,79
2019-07,kayaking,96
2019-08,kayaking,68
2019-09,kayaking,36
2019-10,kayaking,17
2019-11,kayaking,13
2019-12,kayaking,14
2020-01,kayaking,16
2019-03,kendama,8
2019-04,kendama,8
2019-05,kendama,8
2019-06,kendama,6
2019-07,kendama,9
2019-08,kendama,10
2019-09,kendama,10
2019-10,kendama,11
2019-11,kendama,16
2019-12,kendama,18
2020-01,kendama,15
2019-03,kite flying,65
2019-04,kite flying,70
2019-05,kite flying,71
2019-06,kite flying,36
2019-07,kite flying,33
2019-08,kite flying,36
2019-09,kite flying,43
2019-10,kite flying,40
2019-11,kite flying,26
2019-12,kite flying,41
2020-01,kite flying,51
2019-03,kitesurfing,18
2019-04,kitesurfing,33
2019-05,kitesurfing,40
2019-06,kitesurfing,37
2019-07,kitesurfing,39
2019-08,kitesurfing,30
2019-09,kitesurfing,29
2019-10,kitesurfing,25
2019-11,kitesurfing,27
2019-12,kitesurfing,29
2020-01,kitesurfing,24
2019-03,knife making,51
2019-04,knife making,49
2019-05,knife making,42
2019-06,knife making,43
2019-07,knife making,42
2019-08,knife making,53
2019-09,knife making,58
2019-10,knife making,44
2019-11,knife making,53
2019-12,knife making,67
2020-01,knife making,62
2019-03,knife throwing,31
2019-04,knife throwing,28
2019-05,knife throwing,25
2019-06,knife throwing,23
2019-07,knife throwing,26
2019-08,knife throwing,26
2019-09,knife throwing,30
2019-10,knife throwing,100
2019-11,knife throwing,90
2019-12,knife throwing,56
2020-01,knife throwing,39
2019-03,knitting,40
2019-04,knitting,29
2019-05,knitting,26
2019-06,knitting,31
2019-07,knitting,32
2019-08,knitting,32
2019-09,knitting,35
2019-10,knitting,41
2019-11,knitting,47
2019-12,knitting,51
2020-01,knitting,48
2019-03,knot tying,53
2019-04,knot tying,59
2019-05,knot tying,58
2019-06,knot tying,77
2019-07,knot tying,83
2019-08,knot tying,65
2019-09,knot tying,49
2019-10,knot tying,42
2019-11,knot tying,46
2019-12,knot tying,37
2020-01,knot tying,41
2019-03,kombucha brewing,54
2019-04,kombucha brewing,44
2019-05,kombucha brewing,39
2019-06,kombucha brewing,50
2019-07,kombucha brewing,56
2019-08,kombucha brewing,55
2019-09,kombucha brewing,45
2019-10,kombucha brewing,32
2019-11,kombucha brewing,37
2019-12,kombucha brewing,40
2020-01,kombucha brewing,28
2019-03,kung fu,27
2019-04,kung fu,25
2019-05,kung fu,25
2019-06,kung fu,24
2019-07,kung fu,26
2019-08,kung fu,24
2019-09,kung fu,23
2019-10,kung fu,23
2019-11,kung fu,23
2019-12,kung fu,23
2020-01,kung fu,24
2019-03,lace making,64
2019-04,lace making,45
2019-05,lace making,54
2019-06,lace making,42
2019-07,lace making,20
2019-08,lace making,44
2019-09,lace making,57
2019-10,lace making,54
2019-11,lace making,65
2019-12,lace making,33
2020-01,lace making,65
2019-03,lacrosse,78
2019-04,lacrosse,81
2019-05,lacrosse,93
2019-06,lacrosse,44
2019-07,lacrosse,32
2019-08,lacrosse,28
2019-09,lacrosse,31
2019-10,lacrosse,31
2019-11,lacrosse,29
2019-12,lacrosse,26
2020-01,lacrosse,33
2019-03,lapidary,62
2019-04,lapidary,55
2019-05,lapidary,55
2019-06,lapidary,64
2019-07,lapidary,50
2019-08,lapidary,56
2019-09,lapidary,76
2019-10,lapidary,64
2019-11,lapidary,56
2019-12,lapidary,58
2020-01,lapidary,57
2019-03,larping,37
2019-04,larping,36
2019-05,larping,46
2019-06,larping,33
2019-07,larping,26
2019-08,larping,39
2019-09,larping,44
2019-10,larping,38
2019-11,larping,37
2019-12,larping,43
2020-01,larping,25
2019-03,laser tag,82
2019-04,laser tag,55
2019-05,laser tag,55
2019-06,laser tag,67
2019-07,laser tag,64
2019-08,laser tag,61
2019-09,laser tag,49
2019-10,laser tag,52
2019-11,laser tag,58
2019-12,laser tag,71
2020-01,laser tag,66
2019-03,learning,74
2019-04,learning,77
2019-05,learning,71
2019-06,learning,60
2019-07,learning,55
2019-08,learning,69
2019-09,learning,82
2019-10,learning,83
2019-11,learning,75
2019-12,learning,65
2020-01,learning,74
2019-03,leather crafting,45
2019-04,leather crafting,53
2019-05,leather crafting,36
2019-06,leather crafting,71
2019-07,leather crafting,32
2019-08,leather crafting,56
2019-09,leather crafting,20
2019-10,leather crafting,52
2019-11,leather crafting,34
2019-12,leather crafting,72
2020-01,leather crafting,32
2019-03,lego building,34
2019-04,lego building,27
2019-05,lego building,39
2019-06,lego building,39
2019-07,lego building,35
2019-08,lego building,34
2019-09,lego building,38
2019-10,lego building,32
2019-11,lego building,61
2019-12,lego building,78
2020-01,lego building,57
2019-03,letterboxing,28
2019-04,letterboxing,40
2019-05,letterboxing,29
2019-06,letterboxing,22
2019-07,letterboxing,35
2019-08,letterboxing,26
2019-09,letterboxing,40
2019-10,letterboxing,19
2019-11,letterboxing,7
2019-12,letterboxing,14
2020-01,letterboxing,5
2019-03,livestreaming,26
2019-04,livestreaming,48
2019-05,livestreaming,53
2019-06,livestreaming,52
2019-07,livestreaming,37
2019-08,livestreaming,44
2019-09,livestreaming,45
2019-10,livestreaming,59
2019-11,livestreaming,46
2019-12,livestreaming,38
2020-01,livestreaming,57
2019-03,lock picking,55
2019-04,lock picking,32
2019-05,lock picking,42
2019-06,lock picking,45
2019-07,lock picking,46
2019-08,lock picking,33
2019-09,lock picking,46
2019-10,lock picking,53
2019-11,lock picking,45
2019-12,lock picking,42
2020-01,lock picking,52
2019-03,lomography,26
2019-04,lomography,23
2019-05,lomography,32
2019-06,lomography,25
2019-07,lomography,27
2019-08,lomography,30
2019-09,lomography,21
2019-10,lomography,21
2019-11,lomography,23
2019-12,lomography,32
2020-01,lomography,16
2019-03,longboarding,14
2019-04,longboarding,21
2019-05,longboarding,16
2019-06,longboarding,20
2019-07,longboarding,18
2019-08,longboarding,27
2019-09,longboarding,18
2019-10,longboarding,17
2019-11,longboarding,14
2019-12,longboarding,12
2020-01,longboarding,12
2019-03,machine learning,95
2019-04,machine learning,100
2019-05,machine learning,93
2019-06,machine learning,90
2019-07,machine learning,90
2019-08,machine learning,90
2019-09,machine learning,96
2019-10,machine learning,100
2019-11,machine learning,91
2019-12,machine learning,79
2020-01,machine learning,91
2019-03,machining,74
2019-04,machining,75
2019-05,machining,80
2019-06,machining,69
2019-07,machining,71
2019-08,machining,76
2019-09,machining,71
2019-10,machining,73
2019-11,machining,69
2019-12,machining,63
2020-01,machining,75
2019-03,macrame,79
2019-04,macrame,81
2019-05,macrame,85
2019-06,macrame,95
2019-07,macrame,99
2019-08,macrame,100
2019-09,macrame,89
2019-10,macrame,75
2019-11,macrame,75
2019-12,macrame,71
2020-01,macrame,82
2019-03,magic,58
2019-04,magic,65
2019-05,magic,57
2019-06,magic,59
2019-07,magic,60
2019-08,magic,56
2019-09,magic,57
2019-10,magic,55
2019-11,magic,57
2019-12,magic,62
2020-01,magic,61
2019-03,mahjong,49
2019-04,mahjong,50
2019-05,mahjong,52
2019-06,mahjong,49
2019-07,mahjong,49
2019-08,mahjong,52
2019-09,mahjong,50
2019-10,mahjong,48
2019-11,mahjong,52
2019-12,mahjong,54
2020-01,mahjong,57
2019-03,makeup,44
2019-04,makeup,43
2019-05,makeup,41
2019-06,makeup,41
2019-07,makeup,38
2019-08,makeup,38
2019-09,makeup,41
2019-10,makeup,78
2019-11,makeup,47
2019-12,makeup,49
2020-01,makeup,43
2019-03,manga,52
2019-04,manga,51
2019-05,manga,52
2019-06,manga,56
2019-07,manga,57
2019-08,manga,53
2019-09,manga,53
2019-10,manga,54
2019-11,manga,54
2019-12,manga,57
2020-01,manga,60
2019-03,marbles,54
2019-04,marbles,50
2019-05,marbles,44
2019-06,marbles,45
2019-07,marbles,43
2019-08,marbles,43
2019-09,marbles,48
2019-10,marbles,47
2019-11,marbles,41
2019-12,marbles,45
2020-01,marbles,45
2019-03,marching band,18
2019-04,marching band,22
2019-05,marching band,25
2019-06,marching band,24
2019-07,marching band,25
2019-08,marching band,41
2019-09,marching band,59
2019-10,marching band,71
2019-11,marching band,45
2019-12,marching band,20
2020-01,marching band,21
2019-03,martial arts,73
2019-04,martial arts,71
2019-05,martial arts,79
2019-06,martial arts,81
2019-07,martial arts,74
2019-08,martial arts,79
2019-09,martial arts,73
2019-10,martial arts,75
2019-11,martial arts,70
2019-12,martial arts,67
2020-01,martial arts,87
2019-03,massaging,73
2019-04,massaging,72
2019-05,massaging,66
2019-06,massaging,85
2019-07,massaging,80
2019-08,massaging,65
2019-09,massaging,64
2019-10,massaging,71
2019-11,massaging,77
2019-12,massaging,93
2020-01,massaging,68
2019-03,mazes,14
2019-04,mazes,12
2019-05,mazes,16
2019-06,mazes,12
2019-07,mazes,12
2019-08,mazes,15
2019-09,mazes,45
2019-10,mazes,80
2019-11,mazes,17
2019-12,mazes,9
2020-01,mazes,14
2019-03,mechanics,80
2019-04,mechanics,82
2019-05,mechanics,85
2019-06,mechanics,79
2019-07,mechanics,77
2019-08,mechanics,79
2019-09,mechanics,87
2019-10,mechanics,89
2019-11,mechanics,78
2019-12,mechanics,76
2020-01,mechanics,77
2019-03,meditation,96
2019-04,meditation,90
2019-05,meditation,88
2019-06,meditation,87
2019-07,meditation,88
2019-08,meditation,86
2019-09,meditation,92
2019-10,meditation,91
2019-11,meditation,86
2019-12,meditation,83
2020-01,meditation,100
2019-03,memory training,67
2019-04,memory training,47
2019-05,memory training,46
2019-06,memory training,46
2019-07,memory training,79
2019-08,memory training,52
2019-09,memory training,42
2019-10,memory training,73
2019-11,memory training,55
2019-12,memory training,64
2020-01,memory training,62
2019-03,metal detecting,75
2019-04,metal detecting,69
2019-05,metal detecting,77
2019-06,metal detecting,65
2019-07,metal detecting,71
2019-08,metal detecting,64
2019-09,metal detecting,52
2019-10,metal detecting,55
2019-11,metal detecting,47
2019-12,metal detecting,74
2020-01,metal detecting,75
2019-03,metalworking,80
2019-04,metalworking,80
2019-05,metalworking,61
2019-06,metalworking,51
2019-07,metalworking,75
2019-08,metalworking,51
2019-09,metalworking,79
2019-10,metalworking,63
2019-11,metalworking,58
2019-12,metalworking,79
2020-01,metalworking,74
2019-03,meteorology,44
2019-04,meteorology,52
2019-05,meteorology,49
2019-06,meteorology,42
2019-07,meteorology,41
2019-08,meteorology,64
2019-09,meteorology,68
2019-10,meteorology,50
2019-11,meteorology,45
2019-12,meteorology,37
2020-01,meteorology,60
2019-03,microscopy,56
2019-04,microscopy,54
2019-05,microscopy,46
2019-06,microscopy,56
2019-07,microscopy,49
2019-08,microscopy,52
2019-09,microscopy,78
2019-10,microscopy,70
2019-11,microscopy,56
2019-12,microscopy,42
2020-01,microscopy,59
2019-03,mindfullness,65
2019-04,mindfullness,69
2019-05,mindfullness,52
2019-06,mindfullness,48
2019-07,mindfullness,43
2019-08,mindfullness,75
2019-09,mindfullness,86
2019-10,mindfullness,91
2019-11,mindfullness,76
2019-12,mindfullness,70
2020-01,mindfullness,83
2019-03,mini golf,30
2019-04,mini golf,33
2019-05,mini golf,39
2019-06,mini golf,63
2019-07,mini golf,93
2019-08,mini golf,100
2019-09,mini golf,58
2019-10,mini golf,22
2019-11,mini golf,18
2019-12,mini golf,16
2020-01,mini golf,21
2019-03,miniature art,47
2019-04,miniature art,39
2019-05,miniature art,71
2019-06,miniature art,15
2019-07,miniature art,64
2019-08,miniature art,33
2019-09,miniature art,32
2019-10,miniature art,70
2019-11,miniature art,68
2019-12,miniature art,54
2020-01,miniature art,38
2019-03,minimalism,36
2019-04,minimalism,49
2019-05,minimalism,37
2019-06,minimalism,34
2019-07,minimalism,35
2019-08,minimalism,37
2019-09,minimalism,31
2019-10,minimalism,36
2019-11,minimalism,33
2019-12,minimalism,40
2020-01,minimalism,39
2019-03,model aircraft,84
2019-04,model aircraft,54
2019-05,model aircraft,54
2019-06,model aircraft,60
2019-07,model aircraft,40
2019-08,model aircraft,54
2019-09,model aircraft,42
2019-10,model aircraft,76
2019-11,model aircraft,68
2019-12,model aircraft,64
2020-01,model aircraft,81
2019-03,model building,78
2019-04,model building,80
2019-05,model building,72
2019-06,model building,59
2019-07,model building,54
2019-08,model building,54
2019-09,model building,70
2019-10,model building,66
2019-11,model building,70
2019-12,model building,67
2020-01,model building,69
2019-03,model engineering,76
2019-04,model engineering,77
2019-05,model engineering,50
2019-06,model engineering,59
2019-07,model engineering,52
2019-08,model engineering,65
2019-09,model engineering,57
2019-10,model engineering,87
2019-11,model engineering,45
2019-12,model engineering,42
2020-01,model engineering,83
2019-03,model racing,53
2019-04,model racing,69
2019-05,model racing,56
2019-06,model racing,64
2019-07,model racing,92
2019-08,model racing,73
2019-09,model racing,55
2019-10,model racing,43
2019-11,model racing,68
2019-12,model racing,47
2020-01,model racing,67
2019-03,model trains,31
2019-04,model trains,31
2019-05,model trains,25
2019-06,model trains,29
2019-07,model trains,30
2019-08,model trains,34
2019-09,model trains,26
2019-10,model trains,29
2019-11,model trains,48
2019-12,model trains,61
2020-01,model trains,40
2019-03,model united nations,25
2019-04,model united nations,43
2019-05,model united nations,19
2019-06,model united nations,16
2019-07,model united nations,8
2019-08,model united nations,34
2019-09,model united nations,53
2019-10,model united nations,44
2019-11,model united nations,52
2019-12,model united nations,32
2020-01,model united nations,37
2019-03,modeling,67
2019-04,modeling,68
2019-05,modeling,61
2019-06,modeling,64
2019-07,modeling,66
2019-08,modeling,66
2019-09,modeling,70
2019-10,modeling,68
2019-11,modeling,61
2019-12,modeling,56
2020-01,modeling,65
2019-03,moocs,27
2019-04,moocs,25
2019-05,moocs,17
2019-06,moocs,24
2019-07,moocs,20
2019-08,moocs,29
2019-09,moocs,22
2019-10,moocs,32
2019-11,moocs,23
2019-12,moocs,30
2020-01,moocs,16
2019-03,motor sports,66
2019-04,motor sports,69
2019-05,motor sports,62
2019-06,motor sports,73
2019-07,motor sports,76
2019-08,motor sports,59
2019-09,motor sports,67
2019-10,motor sports,50
2019-11,motor sports,47
2019-12,motor sports,53
2020-01,motor sports,51
2019-03,motorcycling,45
2019-04,motorcycling,43
2019-05,motorcycling,57
2019-06,motorcycling,48
2019-07,motorcycling,36
2019-08,motorcycling,45
2019-09,motorcycling,50
2019-10,motorcycling,29
2019-11,motorcycling,17
2019-12,motorcycling,42
2020-01,motorcycling,34
2019-03,mountain biking,46
2019-04,mountain biking,55
2019-05,mountain biking,61
2019-06,mountain biking,74
2019-07,mountain biking,81
2019-08,mountain biking,76
2019-09,mountain biking,60
2019-10,mountain biking,47
2019-11,mountain biking,36
2019-12,mountain biking,31
2020-01,mountain biking,37
2019-03,mountaineering,69
2019-04,mountaineering,65
2019-05,mountaineering,92
2019-06,mountaineering,78
2019-07,mountaineering,77
2019-08,mountaineering,74
2019-09,mountaineering,56
2019-10,mountaineering,60
2019-11,mountaineering,62
2019-12,mountaineering,76
2020-01,mountaineering,61
2019-03,movies,80
2019-04,movies,78
2019-05,movies,81
2019-06,movies,84
2019-07,movies,85
2019-08,movies,76
2019-09,movies,71
2019-10,movies,71
2019-11,movies,83
2019-12,movies,88
2020-01,movies,77
2019-03,museum visiting,35
2019-04,museum visiting,45
2019-05,museum visiting,67
2019-06,museum visiting,73
2019-07,museum visiting,54
2019-08,museum visiting,35
2019-09,museum visiting,37
2019-10,museum visiting,41
2019-11,museum visiting,18
2019-12,museum visiting,44
2020-01,museum visiting,53
2019-03,mushroom hunting,22
2019-04,mushroom hunting,91
2019-05,mushroom hunting,49
2019-06,mushroom hunting,13
2019-07,mushroom hunting,9
2019-08,mushroom hunting,11
2019-09,mushroom hunting,15
2019-10,mushroom hunting,15
2019-11,mushroom hunting,11
2019-12,mushroom hunting,13
2020-01,mushroom hunting,11
2019-03,music,81
2019-04,music,80
2019-05,music,83
2019-06,music,75
2019-07,music,72
2019-08,music,74
2019-09,music,79
2019-10,music,76
2019-11,music,81
2019-12,music,82
2020-01,music,76
2019-03,nail art,44
2019-04,nail art,38
2019-05,nail art,41
2019-06,nail art,41
2019-07,nail art,40
2019-08,nail art,35
2019-09,nail art,34
2019-10,nail art,39
2019-11,nail art,36
2019-12,nail art,41
2020-01,nail art,35
2019-03,needlepoint,75
2019-04,needlepoint,64
2019-05,needlepoint,61
2019-06,needlepoint,67
2019-07,needlepoint,74
2019-08,needlepoint,72
2019-09,needlepoint,63
2019-10,needlepoint,84
2019-11,needlepoint,85
2019-12,needlepoint,87
2020-01,needlepoint,84
2019-03,netball,28
2019-04,netball,31
2019-05,netball,41
2019-06,netball,23
2019-07,netball,100
2019-08,netball,35
2019-09,netball,31
2019-10,netball,32
2019-11,netball,38
2019-12,netball,31
2020-01,netball,33
2019-03,nintendo,40
2019-04,nintendo,39
2019-05,nintendo,35
2019-06,nintendo,49
2019-07,nintendo,48
2019-08,nintendo,38
2019-09,nintendo,42
2019-10,nintendo,38
2019-11,nintendo,70
2019-12,nintendo,87
2020-01,nintendo,45
2019-03,noodling,44
2019-04,noodling,42
2019-05,noodling,54
2019-06,noodling,75
2019-07,noodling,49
2019-08,noodling,52
2019-09,noodling,41
2019-10,noodling,47
2019-11,noodling,35
2019-12,noodling,23
2020-01,noodling,39
2019-03,orienteering,46
2019-04,orienteering,44
2019-05,orienteering,56
2019-06,orienteering,41
2019-07,orienteering,21
2019-08,orienteering,39
2019-09,orienteering,60
2019-10,orienteering,63
2019-11,orienteering,63
2019-12,orienteering,25
2020-01,orienteering,46
2019-03,origami,40
2019-04,origami,38
2019-05,origami,44
2019-06,origami,32
2019-07,origami,27
2019-08,origami,30
2019-09,origami,35
2019-10,origami,39
2019-11,origami,39
2019-12,origami,47
2020-01,origami,36
2019-03,paintball,60
2019-04,paintball,59
2019-05,paintball,55
2019-06,paintball,58
2019-07,paintball,53
2019-08,paintball,50
2019-09,paintball,47
2019-10,paintball,53
2019-11,paintball,47
2019-12,paintball,45
2020-01,paintball,49
2019-03,painting,93
2019-04,painting,92
2019-05,painting,90
2019-06,painting,93
2019-07,painting,89
2019-08,painting,96
2019-09,painting,89
2019-10,painting,99
2019-11,painting,86
2019-12,painting,89
2020-01,painting,93
2019-03,palmistry,53
2019-04,palmistry,76
2019-05,palmistry,51
2019-06,palmistry,56
2019-07,palmistry,58
2019-08,palmistry,63
2019-09,palmistry,60
2019-10,palmistry,50
2019-11,palmistry,45
2019-12,palmistry,41
2020-01,palmistry,52
2019-03,paragliding,40
2019-04,paragliding,35
2019-05,paragliding,43
2019-06,paragliding,47
2019-07,paragliding,100
2019-08,paragliding,72
2019-09,paragliding,36
2019-10,paragliding,26
2019-11,paragliding,23
2019-12,paragliding,24
2020-01,paragliding,32
2019-03,parkour,49
2019-04,parkour,46
2019-05,parkour,47
2019-06,parkour,45
2019-07,parkour,39
2019-08,parkour,40
2019-09,parkour,35
2019-10,parkour,32
2019-11,parkour,38
2019-12,parkour,36
2020-01,parkour,38
2019-03,pen spinning,38
2019-04,pen spinning,57
2019-05,pen spinning,51
2019-06,pen spinning,18
2019-07,pen spinning,34
2019-08,pen spinning,83
2019-09,pen spinning,74
2019-10,pen spinning,83
2019-11,pen spinning,63
2019-12,pen spinning,46
2020-01,pen spinning,44
2019-03,performance,68
2019-04,performance,72
2019-05,performance,67
2019-06,performance,65
2019-07,performance,61
2019-08,performance,64
2019-09,performance,65
2019-10,performance,66
2019-11,performance,72
2019-12,performance,63
2020-01,performance,71
2019-03,pet,80
2019-04,pet,100
2019-05,pet,78
2019-06,pet,84
2019-07,pet,85
2019-08,pet,78
2019-09,pet,74
2019-10,pet,72
2019-11,pet,72
2019-12,pet,77
2020-01,pet,74
2019-03,pet adoption,83
2019-04,pet adoption,75
2019-05,pet adoption,77
2019-06,pet adoption,87
2019-07,pet adoption,85
2019-08,pet adoption,80
2019-09,pet adoption,87
2019-10,pet adoption,74
2019-11,pet adoption,79
2019-12,pet adoption,82
2020-01,pet adoption,81
2019-03,pet sitting,44
2019-04,pet sitting,41
2019-05,pet sitting,57
2019-06,pet sitting,64
2019-07,pet sitting,69
2019-08,pet sitting,50
2019-09,pet sitting,52
2019-10,pet sitting,54
2019-11,pet sitting,52
2019-12,pet sitting,61
2020-01,pet sitting,50
2019-03,philately,46
2019-04,philately,28
2019-05,philately,34
2019-06,philately,64
2019-07,philately,69
2019-08,philately,47
2019-09,philately,45
2019-10,philately,100
2019-11,philately,89
2019-12,philately,69
2020-01,philately,53
2019-03,photography,54
2019-04,photography,54
2019-05,photography,54
2019-06,photography,49
2019-07,photography,50
2019-08,photography,54
2019-09,photography,59
2019-10,photography,60
2019-11,photography,55
2019-12,photography,46
2020-01,photography,53
2019-03,pickleball,87
2019-04,pickleball,84
2019-05,pickleball,93
2019-06,pickleball,99
2019-07,pickleball,95
2019-08,pickleball,95
2019-09,pickleball,86
2019-10,pickleball,81
2019-11,pickleball,80
2019-12,pickleball,83
2020-01,pickleball,100
2019-03,pilates,66
2019-04,pilates,65
2019-05,pilates,65
2019-06,pilates,70
2019-07,pilates,69
2019-08,pilates,66
2019-09,pilates,64
2019-10,pilates,62
2019-11,pilates,61
2019-12,pilates,59
2020-01,pilates,76
2019-03,plastic art,62
2019-04,plastic art,64
2019-05,plastic art,81
2019-06,plastic art,72
2019-07,plastic art,37
2019-08,plastic art,76
2019-09,plastic art,88
2019-10,plastic art,60
2019-11,plastic art,63
2019-12,plastic art,62
2020-01,plastic art,67
2019-03,play guitar,59
2019-04,play guitar,52
2019-05,play guitar,52
2019-06,play guitar,56
2019-07,play guitar,56
2019-08,play guitar,51
2019-09,play guitar,55
2019-10,play guitar,47
2019-11,play guitar,53
2019-12,play guitar,64
2020-01,play guitar,61
2019-03,play piano,79
2019-04,play piano,66
2019-05,play piano,64
2019-06,play piano,68
2019-07,play piano,55
2019-08,play piano,50
2019-09,play piano,59
2019-10,play piano,63
2019-11,play piano,73
2019-12,play piano,72
2020-01,play piano,67
2019-03,podcast hosting,88
2019-04,podcast hosting,76
2019-05,podcast hosting,71
2019-06,podcast hosting,74
2019-07,podcast hosting,55
2019-08,podcast hosting,53
2019-09,podcast hosting,70
2019-10,podcast hosting,53
2019-11,podcast hosting,78
2019-12,podcast hosting,69
2020-01,podcast hosting,83
2019-03,podcasts,89
2019-04,podcasts,85
2019-05,podcasts,95
2019-06,podcasts,98
2019-07,podcasts,99
2019-08,podcasts,99
2019-09,podcasts,91
2019-10,podcasts,95
2019-11,podcasts,88
2019-12,podcasts,83
2020-01,podcasts,100
2019-03,poetry,62
2019-04,poetry,68
2019-05,poetry,56
2019-06,poetry,33
2019-07,poetry,27
2019-08,poetry,33
2019-09,poetry,47
2019-10,poetry,52
2019-11,poetry,49
2019-12,poetry,45
2020-01,poetry,54
2019-03,poi,62
2019-04,poi,64
2019-05,poi,66
2019-06,poi,71
2019-07,poi,72
2019-08,poi,81
2019-09,poi,63
2019-10,poi,67
2019-11,poi,64
2019-12,poi,68
2020-01,poi,63
2019-03,poker,67
2019-04,poker,58
2019-05,poker,64
2019-06,poker,72
2019-07,poker,90
2019-08,poker,66
2019-09,poker,62
2019-10,poker,57
2019-11,poker,65
2019-12,poker,70
2020-01,poker,75
2019-03,pole dancing,49
2019-04,pole dancing,53
2019-05,pole dancing,50
2019-06,pole dancing,57
2019-07,pole dancing,51
2019-08,pole dancing,53
2019-09,pole dancing,77
2019-10,pole dancing,59
2019-11,pole dancing,55
2019-12,pole dancing,55
2020-01,pole dancing,67
2019-03,polo,49
2019-04,polo,50
2019-05,polo,53
2019-06,polo,58
2019-07,polo,62
2019-08,polo,62
2019-09,polo,59
2019-10,polo,58
2019-11,polo,65
2019-12,polo,71
2020-01,polo,49
2019-03,pool,37
2019-04,pool,45
2019-05,pool,71
2019-06,pool,96
2019-07,pool,90
2019-08,pool,58
2019-09,pool,38
2019-10,pool,28
2019-11,pool,25
2019-12,pool,24
2020-01,pool,27
2019-03,postcrossing,24
2019-04,postcrossing,44
2019-05,postcrossing,48
2019-06,postcrossing,72
2019-07,postcrossing,65
2019-08,postcrossing,77
2019-09,postcrossing,94
2019-10,postcrossing,62
2019-11,postcrossing,73
2019-12,postcrossing,59
2020-01,postcrossing,51
2019-03,pottery,62
2019-04,pottery,58
2019-05,pottery,57
2019-06,pottery,63
2019-07,pottery,73
2019-08,pottery,71
2019-09,pottery,63
2019-10,pottery,60
2019-11,pottery,77
2019-12,pottery,72
2020-01,pottery,57
2019-03,powerboat racing,10
2019-04,powerboat racing,43
2019-05,powerboat racing,73
2019-06,powerboat racing,100
2019-07,powerboat racing,43
2019-08,powerboat racing,42
2019-09,powerboat racing,61
2019-10,powerboat racing,96
2019-11,powerboat racing,89
2019-12,powerboat racing,59
2020-01,powerboat racing,74
2019-03,powerlifting,92
2019-04,powerlifting,74
2019-05,powerlifting,72
2019-06,powerlifting,76
2019-07,powerlifting,70
2019-08,powerlifting,73
2019-09,powerlifting,64
2019-10,powerlifting,73
2019-11,powerlifting,72
2019-12,powerlifting,76
2020-01,powerlifting,87
2019-03,practical jokes,29
2019-04,practical jokes,45
2019-05,practical jokes,32
2019-06,practical jokes,52
2019-07,practical jokes,15
2019-08,practical jokes,32
2019-09,practical jokes,24
2019-10,practical jokes,32
2019-11,practical jokes,33
2019-12,practical jokes,30
2020-01,practical jokes,15
2019-03,pressed flowers,49
2019-04,pressed flowers,51
2019-05,pressed flowers,77
2019-06,pressed flowers,67
2019-07,pressed flowers,42
2019-08,pressed flowers,63
2019-09,pressed flowers,61
2019-10,pressed flowers,48
2019-11,pressed flowers,63
2019-12,pressed flowers,55
2020-01,pressed flowers,68
2019-03,public speaking,75
2019-04,public speaking,64
2019-05,public speaking,62
2019-06,public speaking,58
2019-07,public speaking,51
2019-08,public speaking,77
2019-09,public speaking,89
2019-10,public speaking,77
2019-11,public speaking,62
2019-12,public speaking,55
2020-01,public speaking,92
2019-03,puppetry,54
2019-04,puppetry,46
2019-05,puppetry,48
2019-06,puppetry,52
2019-07,puppetry,63
2019-08,puppetry,54
2019-09,puppetry,37
2019-10,puppetry,41
2019-11,puppetry,50
2019-12,puppetry,32
2020-01,puppetry,39
2019-03,puzzles,73
2019-04,puzzles,72
2019-05,puzzles,76
2019-06,puzzles,69
2019-07,puzzles,66
2019-08,puzzles,67
2019-09,puzzles,68
2019-10,puzzles,73
2019-11,puzzles,82
2019-12,puzzles,95
2020-01,puzzles,84
2019-03,pyrography,40
2019-04,pyrography,40
2019-05,pyrography,40
2019-06,pyrography,38
2019-07,pyrography,30
2019-08,pyrography,49
2019-09,pyrography,42
2019-10,pyrography,38
2019-11,pyrography,80
2019-12,pyrography,100
2020-01,pyrography,70
2019-03,qigong,73
2019-04,qigong,65
2019-05,qigong,72
2019-06,qigong,66
2019-07,qigong,59
2019-08,qigong,73
2019-09,qigong,61
2019-10,qigong,56
2019-11,qigong,63
2019-12,qigong,53
2020-01,qigong,68
2019-03,quidditch,55
2019-04,quidditch,59
2019-05,quidditch,46
2019-06,quidditch,47
2019-07,quidditch,63
2019-08,quidditch,54
2019-09,quidditch,87
2019-10,quidditch,70
2019-11,quidditch,58
2019-12,quidditch,53
2020-01,quidditch,55
2019-03,quilling,50
2019-04,quilling,50
2019-05,quilling,52
2019-06,quilling,50
2019-07,quilling,39
2019-08,quilling,41
2019-09,quilling,34
2019-10,quilling,50
2019-11,quilling,64
2019-12,quilling,56
2020-01,quilling,72
2019-03,quilting,78
2019-04,quilting,63
2019-05,quilting,58
2019-06,quilting,62
2019-07,quilting,64
2019-08,quilting,57
2019-09,quilting,64
2019-10,quilting,67
2019-11,quilting,69
2019-12,quilting,62
2020-01,quilting,69
2019-03,quizzes,81
2019-04,quizzes,85
2019-05,quizzes,92
2019-06,quizzes,54
2019-07,quizzes,46
2019-08,quizzes,61
2019-09,quizzes,86
2019-10,quizzes,87
2019-11,quizzes,80
2019-12,quizzes,77
2020-01,quizzes,80
2019-03,race walking,8
2019-04,race walking,6
2019-05,race walking,6
2019-06,race walking,5
2019-07,race walking,6
2019-08,race walking,6
2019-09,race walking,8
2019-10,race walking,5
2019-11,race walking,7
2019-12,race walking,4
2020-01,race walking,7
2019-03,racquetball,54
2019-04,racquetball,54
2019-05,racquetball,41
2019-06,racquetball,47
2019-07,racquetball,43
2019-08,racquetball,46
2019-09,racquetball,45
2019-10,racquetball,47
2019-11,racquetball,45
2019-12,racquetball,47
2020-01,racquetball,59
2019-03,rafting,21
2019-04,rafting,29
2019-05,rafting,42
2019-06,rafting,74
2019-07,rafting,89
2019-08,rafting,59
2019-09,rafting,24
2019-10,rafting,12
2019-11,rafting,9
2019-12,rafting,12
2020-01,rafting,15
2019-03,rappelling,45
2019-04,rappelling,62
2019-05,rappelling,33
2019-06,rappelling,53
2019-07,rappelling,54
2019-08,rappelling,42
2019-09,rappelling,53
2019-10,rappelling,41
2019-11,rappelling,43
2019-12,rappelling,25
2020-01,rappelling,39
2019-03,rapping,67
2019-04,rapping,54
2019-05,rapping,59
2019-06,rapping,60
2019-07,rapping,46
2019-08,rapping,57
2019-09,rapping,61
2019-10,rapping,61
2019-11,rapping,53
2019-12,rapping,69
2020-01,rapping,58
2019-03,reading,81
2019-04,reading,77
2019-05,reading,75
2019-06,reading,64
2019-07,reading,59
2019-08,reading,69
2019-09,reading,85
2019-10,reading,79
2019-11,reading,72
2019-12,reading,63
2020-01,reading,75
2019-03,refinishing,79
2019-04,refinishing,77
2019-05,refinishing,71
2019-06,refinishing,76
2019-07,refinishing,82
2019-08,refinishing,76
2019-09,refinishing,73
2019-10,refinishing,60
2019-11,refinishing,61
2019-12,refinishing,58
2020-01,refinishing,76
2019-03,reiki,93
2019-04,reiki,92
2019-05,reiki,88
2019-06,reiki,96
2019-07,reiki,99
2019-08,reiki,94
2019-09,reiki,100
2019-10,reiki,99
2019-11,reiki,94
2019-12,reiki,87
2020-01,reiki,100
2019-03,renaissance fair,27
2019-04,renaissance fair,37
2019-05,renaissance fair,44
2019-06,renaissance fair,31
2019-07,renaissance fair,48
2019-08,renaissance fair,93
2019-09,renaissance fair,100
2019-10,renaissance fair,55
2019-11,renaissance fair,21
2019-12,renaissance fair,10
2020-01,renaissance fair,12
2019-03,renovating,48
2019-04,renovating,64
2019-05,renovating,68
2019-06,renovating,51
2019-07,renovating,73
2019-08,renovating,65
2019-09,renovating,49
2019-10,renovating,42
2019-11,renovating,56
2019-12,renovating,36
2020-01,renovating,60
2019-03,road biking,27
2019-04,road biking,37
2019-05,road biking,43
2019-06,road biking,58
2019-07,road biking,60
2019-08,road biking,46
2019-09,road biking,46
2019-10,road biking,28
2019-11,road biking,25
2019-12,road biking,21
2020-01,road biking,32
2019-03,robot combat,31
2019-04,robot combat,5
2019-05,robot combat,21
2019-06,robot combat,11
2019-07,robot combat,37
2019-08,robot combat,41
2019-09,robot combat,40
2019-10,robot combat,38
2019-11,robot combat,44
2019-12,robot combat,87
2020-01,robot combat,41
2019-03,rock climbing,100
2019-04,rock climbing,82
2019-05,rock climbing,77
2019-06,rock climbing,78
2019-07,rock climbing,79
2019-08,rock climbing,73
2019-09,rock climbing,69
2019-10,rock climbing,62
2019-11,rock climbing,68
2019-12,rock climbing,73
2020-01,rock climbing,74
2019-03,rock painting,27
2019-04,rock painting,35
2019-05,rock painting,34
2019-06,rock painting,42
2019-07,rock painting,48
2019-08,rock painting,43
2019-09,rock painting,38
2019-10,rock painting,32
2019-11,rock painting,23
2019-12,rock painting,27
2020-01,rock painting,28
2019-03,roller derby,66
2019-04,roller derby,59
2019-05,roller derby,53
2019-06,roller derby,51
2019-07,roller derby,48
2019-08,roller derby,45
2019-09,roller derby,46
2019-10,roller derby,40
2019-11,roller derby,47
2019-12,roller derby,37
2020-01,roller derby,50
2019-03,roller skating,95
2019-04,roller skating,70
2019-05,roller skating,58
2019-06,roller skating,72
2019-07,roller skating,72
2019-08,roller skating,71
2019-09,roller skating,60
2019-10,roller skating,53
2019-11,roller skating,73
2019-12,roller skating,85
2020-01,roller skating,100
2019-03,rowing,60
2019-04,rowing,56
2019-05,rowing,58
2019-06,rowing,52
2019-07,rowing,45
2019-08,rowing,44
2019-09,rowing,44
2019-10,rowing,48
2019-11,rowing,46
2019-12,rowing,42
2020-01,rowing,67
2019-03,rubiks cube,51
2019-04,rubiks cube,46
2019-05,rubiks cube,61
2019-06,rubiks cube,56
2019-07,rubiks cube,58
2019-08,rubiks cube,36
2019-09,rubiks cube,50
2019-10,rubiks cube,55
2019-11,rubiks cube,53
2019-12,rubiks cube,92
2020-01,rubiks cube,59
2019-03,rugby,35
2019-04,rugby,26
2019-05,rugby,23
2019-06,rugby,23
2019-07,rugby,39
2019-08,rugby,27
2019-09,rugby,70
2019-10,rugby,84
2019-11,rugby,41
2019-12,rugby,21
2020-01,rugby,23
2019-03,rugby league football,50
2019-04,rugby league football,26
2019-05,rugby league football,34
2019-06,rugby league football,27
2019-07,rugby league football,9
2019-08,rugby league football,25
2019-09,rugby league football,16
2019-10,rugby league football,47
2019-11,rugby league football,48
2019-12,rugby league football,16
2020-01,rugby league football,7
2019-03,running,78
2019-04,running,77
2019-05,running,74
2019-06,running,76
2019-07,running,74
2019-08,running,83
2019-09,running,82
2019-10,running,77
2019-11,running,77
2019-12,running,71
2020-01,running,74
2019-03,safari,66
2019-04,safari,68
2019-05,safari,68
2019-06,safari,74
2019-07,safari,78
2019-08,safari,75
2019-09,safari,66
2019-10,safari,65
2019-11,safari,58
2019-12,safari,59
2020-01,safari,66
2019-03,sailing,59
2019-04,sailing,60
2019-05,sailing,71
2019-06,sailing,79
2019-07,sailing,77
2019-08,sailing,76
2019-09,sailing,68
2019-10,sailing,54
2019-11,sailing,46
2019-12,sailing,48
2020-01,sailing,55
2019-03,sand art,45
2019-04,sand art,42
2019-05,sand art,45
2019-06,sand art,40
2019-07,sand art,35
2019-08,sand art,28
2019-09,sand art,34
2019-10,sand art,32
2019-11,sand art,46
2019-12,sand art,46
2020-01,sand art,39
2019-03,scouting,46
2019-04,scouting,47
2019-05,scouting,34
2019-06,scouting,37
2019-07,scouting,31
2019-08,scouting,29
2019-09,scouting,30
2019-10,scouting,30
2019-11,scouting,28
2019-12,scouting,26
2020-01,scouting,34
2019-03,scrapbooking,33
2019-04,scrapbooking,30
2019-05,scrapbooking,25
2019-06,scrapbooking,27
2019-07,scrapbooking,33
2019-08,scrapbooking,28
2019-09,scrapbooking,33
2019-10,scrapbooking,29
2019-11,scrapbooking,27
2019-12,scrapbooking,30
2020-01,scrapbooking,35
2019-03,scuba diving,79
2019-04,scuba diving,73
2019-05,scuba diving,71
2019-06,scuba diving,84
2019-07,scuba diving,85
2019-08,scuba diving,83
2019-09,scuba diving,69
2019-10,scuba diving,53
2019-11,scuba diving,56
2019-12,scuba diving,59
2020-01,scuba diving,62
2019-03,sculpting,74
2019-04,sculpting,70
2019-05,sculpting,67
2019-06,sculpting,67
2019-07,sculpting,73
2019-08,sculpting,56
2019-09,sculpting,57
2019-10,sculpting,52
2019-11,sculpting,49
2019-12,sculpting,49
2020-01,sculpting,66
2019-03,sewing,78
2019-04,sewing,75
2019-05,sewing,75
2019-06,sewing,77
2019-07,sewing,76
2019-08,sewing,79
2019-09,sewing,79
2019-10,sewing,81
2019-11,sewing,86
2019-12,sewing,81
2020-01,sewing,84
2019-03,shoemaking,17
2019-04,shoemaking,23
2019-05,shoemaking,23
2019-06,shoemaking,60
2019-07,shoemaking,6
2019-08,shoemaking,22
2019-09,shoemaking,16
2019-10,shoemaking,21
2019-11,shoemaking,27
2019-12,shoemaking,37
2020-01,shoemaking,60
2019-03,shogi,55
2019-04,shogi,52
2019-05,shogi,65
2019-06,shogi,80
2019-07,shogi,57
2019-08,shogi,67
2019-09,shogi,44
2019-10,shogi,63
2019-11,shogi,64
2019-12,shogi,77
2020-01,shogi,64
2019-03,shooting,31
2019-04,shooting,25
2019-05,shooting,31
2019-06,shooting,31
2019-07,shooting,25
2019-08,shooting,67
2019-09,shooting,27
2019-10,shooting,26
2019-11,shooting,31
2019-12,shooting,34
2020-01,shooting,23
2019-03,shooting sport,24
2019-04,shooting sport,20
2019-05,shooting sport,11
2019-06,shooting sport,24
2019-07,shooting sport,18
2019-08,shooting sport,19
2019-09,shooting sport,20
2019-10,shooting sport,15
2019-11,shooting sport,18
2019-12,shooting sport,31
2020-01,shooting sport,24
2019-03,shopping,78
2019-04,shopping,73
2019-05,shopping,77
2019-06,shopping,81
2019-07,shopping,87
2019-08,shopping,84
2019-09,shopping,78
2019-10,shopping,75
2019-11,shopping,88
2019-12,shopping,89
2020-01,shopping,70
2019-03,shuffleboard,75
2019-04,shuffleboard,60
2019-05,shuffleboard,49
2019-06,shuffleboard,66
2019-07,shuffleboard,60
2019-08,shuffleboard,59
2019-09,shuffleboard,47
2019-10,shuffleboard,48
2019-11,shuffleboard,72
2019-12,shuffleboard,72
2020-01,shuffleboard,66
2019-03,singing,73
2019-04,singing,70
2019-05,singing,71
2019-06,singing,68
2019-07,singing,73
2019-08,singing,67
2019-09,singing,68
2019-10,singing,71
2019-11,singing,77
2019-12,singing,84
2020-01,singing,70
2019-03,skateboarding,61
2019-04,skateboarding,63
2019-05,skateboarding,61
2019-06,skateboarding,64
2019-07,skateboarding,63
2019-08,skateboarding,67
2019-09,skateboarding,66
2019-10,skateboarding,63
2019-11,skateboarding,57
2019-12,skateboarding,59
2020-01,skateboarding,58
2019-03,sketching,69
2019-04,sketching,54
2019-05,sketching,57
2019-06,sketching,53
2019-07,sketching,43
2019-08,sketching,44
2019-09,sketching,70
2019-10,sketching,74
2019-11,sketching,68
2019-12,sketching,68
2020-01,sketching,71
2019-03,skiing,29
2019-04,skiing,13
2019-05,skiing,10
2019-06,skiing,10
2019-07,skiing,12
2019-08,skiing,12
2019-09,skiing,13
2019-10,skiing,16
2019-11,skiing,26
2019-12,skiing,47
2020-01,skiing,50
2019-03,skimboarding,17
2019-04,skimboarding,20
2019-05,skimboarding,22
2019-06,skimboarding,33
2019-07,skimboarding,51
2019-08,skimboarding,36
2019-09,skimboarding,17
2019-10,skimboarding,13
2019-11,skimboarding,6
2019-12,skimboarding,16
2020-01,skimboarding,12
2019-03,skipping rope,22
2019-04,skipping rope,51
2019-05,skipping rope,54
2019-06,skipping rope,52
2019-07,skipping rope,41
2019-08,skipping rope,22
2019-09,skipping rope,38
2019-10,skipping rope,33
2019-11,skipping rope,47
2019-12,skipping rope,58
2020-01,skipping rope,47
2019-03,skydiving,71
2019-04,skydiving,63
2019-05,skydiving,68
2019-06,skydiving,88
2019-07,skydiving,83
2019-08,skydiving,70
2019-09,skydiving,57
2019-10,skydiving,43
2019-11,skydiving,46
2019-12,skydiving,48
2020-01,skydiving,48
2019-03,slacklining,33
2019-04,slacklining,41
2019-05,slacklining,20
2019-06,slacklining,28
2019-07,slacklining,48
2019-08,slacklining,23
2019-09,slacklining,19
2019-10,slacklining,28
2019-11,slacklining,9
2019-12,slacklining,6
2020-01,slacklining,18
2019-03,sledding,26
2019-04,sledding,8
2019-05,sledding,6
2019-06,sledding,6
2019-07,sledding,5
2019-08,sledding,7
2019-09,sledding,8
2019-10,sledding,14
2019-11,sledding,32
2019-12,sledding,72
2020-01,sledding,63
2019-03,slot car,40
2019-04,slot car,34
2019-05,slot car,29
2019-06,slot car,31
2019-07,slot car,31
2019-08,slot car,33
2019-09,slot car,36
2019-10,slot car,32
2019-11,slot car,51
2019-12,slot car,82
2020-01,slot car,53
2019-03,slot car racing,31
2019-04,slot car racing,36
2019-05,slot car racing,32
2019-06,slot car racing,26
2019-07,slot car racing,27
2019-08,slot car racing,14
2019-09,slot car racing,25
2019-10,slot car racing,27
2019-11,slot car racing,57
2019-12,slot car racing,68
2020-01,slot car racing,41
2019-03,snorkeling,79
2019-04,snorkeling,67
2019-05,snorkeling,73
2019-06,snorkeling,91
2019-07,snorkeling,89
2019-08,snorkeling,70
2019-09,snorkeling,52
2019-10,snorkeling,49
2019-11,snorkeling,47
2019-12,snorkeling,56
2020-01,snorkeling,64
2019-03,snowboarding,15
2019-04,snowboarding,7
2019-05,snowboarding,5
2019-06,snowboarding,4
2019-07,snowboarding,5
2019-08,snowboarding,5
2019-09,snowboarding,8
2019-10,snowboarding,10
2019-11,snowboarding,20
2019-12,snowboarding,35
2020-01,snowboarding,33
2019-03,snowmobiling,41
2019-04,snowmobiling,8
2019-05,snowmobiling,7
2019-06,snowmobiling,7
2019-07,snowmobiling,6
2019-08,snowmobiling,10
2019-09,snowmobiling,15
2019-10,snowmobiling,24
2019-11,snowmobiling,39
2019-12,snowmobiling,71
2020-01,snowmobiling,79
2019-03,snowshoeing,43
2019-04,snowshoeing,11
2019-05,snowshoeing,1
2019-06,snowshoeing,2
2019-07,snowshoeing,2
2019-08,snowshoeing,3
2019-09,snowshoeing,6
2019-10,snowshoeing,10
2019-11,snowshoeing,24
2019-12,snowshoeing,74
2020-01,snowshoeing,81
2019-03,soapmaking,57
2019-04,soapmaking,30
2019-05,soapmaking,35
2019-06,soapmaking,12
2019-07,soapmaking,30
2019-08,soapmaking,41
2019-09,soapmaking,67
2019-10,soapmaking,27
2019-11,soapmaking,28
2019-12,soapmaking,22
2020-01,soapmaking,62
2019-03,soccer,28
2019-04,soccer,27
2019-05,soccer,28
2019-06,soccer,58
2019-07,soccer,52
2019-08,soccer,30
2019-09,soccer,37
2019-10,soccer,34
2019-11,soccer,30
2019-12,soccer,20
2020-01,soccer,20
2019-03,social media,94
2019-04,social media,100
2019-05,social media,86
2019-06,social media,78
2019-07,social media,75
2019-08,social media,73
2019-09,social media,85
2019-10,social media,90
2019-11,social media,86
2019-12,social media,76
2020-01,social media,87
2019-03,softball,56
2019-04,softball,63
2019-05,softball,100
2019-06,softball,66
2019-07,softball,35
2019-08,softball,27
2019-09,softball,24
2019-10,softball,22
2019-11,softball,16
2019-12,softball,12
2020-01,softball,20
2019-03,sourdough,87
2019-04,sourdough,70
2019-05,sourdough,71
2019-06,sourdough,70
2019-07,sourdough,68
2019-08,sourdough,73
2019-09,sourdough,69
2019-10,sourdough,71
2019-11,sourdough,87
2019-12,sourdough,90
2020-01,sourdough,100
2019-03,speed skating,2
2019-04,speed skating,1
2019-05,speed skating,1
2019-06,speed skating,1
2019-07,speed skating,1
2019-08,speed skating,1
2019-09,speed skating,1
2019-10,speed skating,2
2019-11,speed skating,3
2019-12,speed skating,2
2020-01,speed skating,2
2019-03,spreadsheets,63
2019-04,spreadsheets,58
2019-05,spreadsheets,54
2019-06,spreadsheets,57
2019-07,spreadsheets,44
2019-08,spreadsheets,52
2019-09,spreadsheets,61
2019-10,spreadsheets,63
2019-11,spreadsheets,63
2019-12,spreadsheets,48
2020-01,spreadsheets,54
2019-03,squash,41
2019-04,squash,38
2019-05,squash,36
2019-06,squash,43
2019-07,squash,48
2019-08,squash,48
2019-09,squash,58
2019-10,squash,87
2019-11,squash,88
2019-12,squash,48
2020-01,squash,55
2019-03,stamp collecting,63
2019-04,stamp collecting,54
2019-05,stamp collecting,50
2019-06,stamp collecting,73
2019-07,stamp collecting,46
2019-08,stamp collecting,82
2019-09,stamp collecting,51
2019-10,stamp collecting,48
2019-11,stamp collecting,70
2019-12,stamp collecting,35
2020-01,stamp collecting,54
2019-03,stand-up comedy,60
2019-04,stand-up comedy,70
2019-05,stand-up comedy,57
2019-06,stand-up comedy,64
2019-07,stand-up comedy,54
2019-08,stand-up comedy,65
2019-09,stand-up comedy,100
2019-10,stand-up comedy,63
2019-11,stand-up comedy,31
2019-12,stand-up comedy,42
2020-01,stand-up comedy,72
2019-03,stone skipping,22
2019-04,stone skipping,25
2019-05,stone skipping,22
2019-06,stone skipping,13
2019-07,stone skipping,43
2019-08,stone skipping,34
2019-09,stone skipping,30
2019-10,stone skipping,18
2019-11,stone skipping,21
2019-12,stone skipping,23
2020-01,stone skipping,21
2019-03,storm chasing,25
2019-04,storm chasing,39
2019-05,storm chasing,40
2019-06,storm chasing,15
2019-07,storm chasing,15
2019-08,storm chasing,11
2019-09,storm chasing,11
2019-10,storm chasing,10
2019-11,storm chasing,13
2019-12,storm chasing,3
2020-01,storm chasing,20
2019-03,storytelling,84
2019-04,storytelling,71
2019-05,storytelling,74
2019-06,storytelling,58
2019-07,storytelling,53
2019-08,storytelling,71
2019-09,storytelling,88
2019-10,storytelling,84
2019-11,storytelling,73
2019-12,storytelling,59
2020-01,storytelling,80
2019-03,sudoku,75
2019-04,sudoku,74
2019-05,sudoku,75
2019-06,sudoku,70
2019-07,sudoku,71
2019-08,sudoku,68
2019-09,sudoku,73
2019-10,sudoku,78
2019-11,sudoku,79
2019-12,sudoku,77
2020-01,sudoku,78
2019-03,sun bathing,31
2019-04,sun bathing,35
2019-05,sun bathing,72
2019-06,sun bathing,57
2019-07,sun bathing,67
2019-08,sun bathing,43
2019-09,sun bathing,18
2019-10,sun bathing,22
2019-11,sun bathing,24
2019-12,sun bathing,31
2020-01,sun bathing,38
2019-03,surfing,46
2019-04,surfing,46
2019-05,surfing,45
2019-06,surfing,57
2019-07,surfing,67
2019-08,surfing,64
2019-09,surfing,51
2019-10,surfing,42
2019-11,surfing,40
2019-12,surfing,46
2020-01,surfing,44
2019-03,survivalism,31
2019-04,survivalism,20
2019-05,survivalism,13
2019-06,survivalism,7
2019-07,survivalism,26
2019-08,survivalism,6
2019-09,survivalism,0
2019-10,survivalism,23
2019-11,survivalism,6
2019-12,survivalism,12
2020-01,survivalism,17
2019-03,swimming,33
2019-04,swimming,34
2019-05,swimming,46
2019-06,swimming,67
2019-07,swimming,72
2019-08,swimming,43
2019-09,swimming,30
2019-10,swimming,23
2019-11,swimming,23
2019-12,swimming,22
2020-01,swimming,27
2019-03,table football,28
2019-04,table football,32
2019-05,table football,38
2019-06,table football,18
2019-07,table football,18
2019-08,table football,49
2019-09,table football,91
2019-10,table football,82
2019-11,table football,89
2019-12,table football,69
2020-01,table football,44
2019-03,table tennis,22
2019-04,table tennis,24
2019-05,table tennis,22
2019-06,table tennis,22
2019-07,table tennis,23
2019-08,table tennis,22
2019-09,table tennis,26
2019-10,table tennis,24
2019-11,table tennis,29
2019-12,table tennis,33
2020-01,table tennis,24
2019-03,taekwondo,54
2019-04,taekwondo,51
2019-05,taekwondo,54
2019-06,taekwondo,56
2019-07,taekwondo,50
2019-08,taekwondo,54
2019-09,taekwondo,52
2019-10,taekwondo,50
2019-11,taekwondo,43
2019-12,taekwondo,43
2020-01,taekwondo,53
2019-03,tai chi,58
2019-04,tai chi,60
2019-05,tai chi,58
2019-06,tai chi,64
2019-07,tai chi,55
2019-08,tai chi,52
2019-09,tai chi,50
2019-10,tai chi,54
2019-11,tai chi,52
2019-12,tai chi,50
2020-01,tai chi,62
2019-03,talking,50
2019-04,talking,49
2019-05,talking,48
2019-06,talking,52
2019-07,talking,49
2019-08,talking,46
2019-09,talking,49
2019-10,talking,51
2019-11,talking,50
2019-12,talking,52
2020-01,talking,52
2019-03,tapestry,62
2019-04,tapestry,55
2019-05,tapestry,54
2019-06,tapestry,63
2019-07,tapestry,73
2019-08,tapestry,88
2019-09,tapestry,74
2019-10,tapestry,59
2019-11,tapestry,66
2019-12,tapestry,68
2020-01,tapestry,62
2019-03,tarot,78
2019-04,tarot,81
2019-05,tarot,85
2019-06,tarot,91
2019-07,tarot,100
2019-08,tarot,91
2019-09,tarot,90
2019-10,tarot,95
2019-11,tarot,88
2019-12,tarot,92
2020-01,tarot,98
2019-03,tattooing,61
2019-04,tattooing,66
2019-05,tattooing,56
2019-06,tattooing,52
2019-07,tattooing,64
2019-08,tattooing,59
2019-09,tattooing,57
2019-10,tattooing,49
2019-11,tattooing,54
2019-12,tattooing,55
2020-01,tattooing,50
2019-03,taxidermy,47
2019-04,taxidermy,45
2019-05,taxidermy,43
2019-06,taxidermy,39
2019-07,taxidermy,40
2019-08,taxidermy,45
2019-09,taxidermy,45
2019-10,taxidermy,59
2019-11,taxidermy,91
2019-12,taxidermy,73
2020-01,taxidermy,65
2019-03,television,48
2019-04,television,46
2019-05,television,47
2019-06,television,42
2019-07,television,40
2019-08,television,42
2019-09,television,45
2019-10,television,50
2019-11,television,48
2019-12,television,45
2020-01,television,47
2019-03,tennis,53
2019-04,tennis,46
2019-05,tennis,48
2019-06,tennis,54
2019-07,tennis,66
2019-08,tennis,80
2019-09,tennis,84
2019-10,tennis,39
2019-11,tennis,34
2019-12,tennis,31
2020-01,tennis,47
2019-03,tennis polo,21
2019-04,tennis polo,32
2019-05,tennis polo,64
2019-06,tennis polo,39
2019-07,tennis polo,78
2019-08,tennis polo,93
2019-09,tennis polo,70
2019-10,tennis polo,17
2019-11,tennis polo,47
2019-12,tennis polo,46
2020-01,tennis polo,48
2019-03,tether car,64
2019-04,tether car,59
2019-05,tether car,47
2019-06,tether car,32
2019-07,tether car,87
2019-08,tether car,53
2019-09,tether car,33
2019-10,tether car,71
2019-11,tether car,58
2019-12,tether car,57
2020-01,tether car,54
2019-03,thrifting,64
2019-04,thrifting,66
2019-05,thrifting,56
2019-06,thrifting,66
2019-07,thrifting,92
2019-08,thrifting,100
2019-09,thrifting,65
2019-10,thrifting,71
2019-11,thrifting,67
2019-12,thrifting,54
2020-01,thrifting,74
2019-03,topiary,80
2019-04,topiary,86
2019-05,topiary,91
2019-06,topiary,75
2019-07,topiary,68
2019-08,topiary,74
2019-09,topiary,75
2019-10,topiary,73
2019-11,topiary,69
2019-12,topiary,61
2020-01,topiary,63
2019-03,tour skating,26
2019-04,tour skating,23
2019-05,tour skating,19
2019-06,tour skating,20
2019-07,tour skating,19
2019-08,tour skating,11
2019-09,tour skating,25
2019-10,tour skating,21
2019-11,tour skating,21
2019-12,tour skating,56
2020-01,tour skating,20
2019-03,tourism,59
2019-04,tourism,63
2019-05,tourism,65
2019-06,tourism,60
2019-07,tourism,55
2019-08,tourism,55
2019-09,tourism,80
2019-10,tourism,67
2019-11,tourism,65
2019-12,tourism,85
2020-01,tourism,100
2019-03,trade fair,73
2019-04,trade fair,65
2019-05,trade fair,67
2019-06,trade fair,58
2019-07,trade fair,48
2019-08,trade fair,61
2019-09,trade fair,66
2019-10,trade fair,72
2019-11,trade fair,73
2019-12,trade fair,68
2020-01,trade fair,58
2019-03,trainspotting,8
2019-04,trainspotting,11
2019-05,trainspotting,7
2019-06,trainspotting,8
2019-07,trainspotting,8
2019-08,trainspotting,7
2019-09,trainspotting,8
2019-10,trainspotting,18
2019-11,trainspotting,12
2019-12,trainspotting,12
2020-01,trainspotting,12
2019-03,trapshooting,42
2019-04,trapshooting,52
2019-05,trapshooting,51
2019-06,trapshooting,66
2019-07,trapshooting,72
2019-08,trapshooting,50
2019-09,trapshooting,60
2019-10,trapshooting,54
2019-11,trapshooting,26
2019-12,trapshooting,25
2020-01,trapshooting,45
2019-03,travel,90
2019-04,travel,88
2019-05,travel,88
2019-06,travel,100
2019-07,travel,94
2019-08,travel,88
2019-09,travel,83
2019-10,travel,76
2019-11,travel,78
2019-12,travel,86
2020-01,travel,97
2019-03,triathlon,25
2019-04,triathlon,32
2019-05,triathlon,36
2019-06,triathlon,49
2019-07,triathlon,52
2019-08,triathlon,45
2019-09,triathlon,35
2019-10,triathlon,25
2019-11,triathlon,19
2019-12,triathlon,19
2020-01,triathlon,22
2019-03,ultimate frisbee,39
2019-04,ultimate frisbee,47
2019-05,ultimate frisbee,50
2019-06,ultimate frisbee,40
2019-07,ultimate frisbee,33
2019-08,ultimate frisbee,39
2019-09,ultimate frisbee,48
2019-10,ultimate frisbee,43
2019-11,ultimate frisbee,29
2019-12,ultimate frisbee,23
2020-01,ultimate frisbee,26
2019-03,upcycling,57
2019-04,upcycling,62
2019-05,upcycling,58
2019-06,upcycling,67
2019-07,upcycling,40
2019-08,upcycling,50
2019-09,upcycling,48
2019-10,upcycling,35
2019-11,upcycling,46
2019-12,upcycling,41
2020-01,upcycling,46
2019-03,urban exploration,63
2019-04,urban exploration,59
2019-05,urban exploration,51
2019-06,urban exploration,51
2019-07,urban exploration,59
2019-08,urban exploration,35
2019-09,urban exploration,37
2019-10,urban exploration,32
2019-11,urban exploration,12
2019-12,urban exploration,45
2020-01,urban exploration,53
2019-03,vacation,68
2019-04,vacation,60
2019-05,vacation,64
2019-06,vacation,76
2019-07,vacation,74
2019-08,vacation,61
2019-09,vacation,50
2019-10,vacation,49
2019-11,vacation,54
2019-12,vacation,80
2020-01,vacation,73
2019-03,vegetable farming,15
2019-04,vegetable farming,32
2019-05,vegetable farming,31
2019-06,vegetable farming,25
2019-07,vegetable farming,40
2019-08,vegetable farming,31
2019-09,vegetable farming,23
2019-10,vegetable farming,0
2019-11,vegetable farming,29
2019-12,vegetable farming,15
2020-01,vegetable farming,34
2019-03,vehicle restoration,52
2019-04,vehicle restoration,99
2019-05,vehicle restoration,26
2019-06,vehicle restoration,47
2019-07,vehicle restoration,72
2019-08,vehicle restoration,88
2019-09,vehicle restoration,51
2019-10,vehicle restoration,24
2019-11,vehicle restoration,58
2019-12,vehicle restoration,66
2020-01,vehicle restoration,47
2019-03,video editing,77
2019-04,video editing,81
2019-05,video editing,80
2019-06,video editing,85
2019-07,video editing,76
2019-08,video editing,78
2019-09,video editing,83
2019-10,video editing,74
2019-11,video editing,82
2019-12,video editing,81
2020-01,video editing,83
2019-03,video games,63
2019-04,video games,61
2019-05,video games,56
2019-06,video games,53
2019-07,video games,48
2019-08,video games,63
2019-09,video games,56
2019-10,video games,58
2019-11,video games,67
2019-12,video games,66
2020-01,video games,58
2019-03,videography,69
2019-04,videography,59
2019-05,videography,75
2019-06,videography,71
2019-07,videography,77
2019-08,videography,72
2019-09,videography,78
2019-10,videography,70
2019-11,videography,59
2019-12,videography,59
2020-01,videography,77
2019-03,vim,76
2019-04,vim,83
2019-05,vim,75
2019-06,vim,80
2019-07,vim,77
2019-08,vim,70
2019-09,vim,78
2019-10,vim,72
2019-11,vim,68
2019-12,vim,56
2020-01,vim,70
2019-03,volleyball,19
2019-04,volleyball,19
2019-05,volleyball,17
2019-06,volleyball,18
2019-07,volleyball,17
2019-08,volleyball,27
2019-09,volleyball,39
2019-10,volleyball,39
2019-11,volleyball,37
2019-12,volleyball,26
2020-01,volleyball,18
2019-03,volunteering,59
2019-04,volunteering,71
2019-05,volunteering,63
2019-06,volunteering,70
2019-07,volunteering,53
2019-08,volunteering,53
2019-09,volunteering,67
2019-10,volunteering,67
2019-11,volunteering,69
2019-12,volunteering,61
2020-01,volunteering,68
2019-03,vr gaming,32
2019-04,vr gaming,46
2019-05,vr gaming,47
2019-06,vr gaming,47
2019-07,vr gaming,54
2019-08,vr gaming,43
2019-09,vr gaming,40
2019-10,vr gaming,45
2019-11,vr gaming,75
2019-12,vr gaming,100
2020-01,vr gaming,46
2019-03,walking,41
2019-04,walking,34
2019-05,walking,28
2019-06,walking,30
2019-07,walking,30
2019-08,walking,29
2019-09,walking,33
2019-10,walking,35
2019-11,walking,30
2019-12,walking,26
2020-01,walking,27
2019-03,wargaming,32
2019-04,wargaming,49
2019-05,wargaming,46
2019-06,wargaming,66
2019-07,wargaming,71
2019-08,wargaming,61
2019-09,wargaming,47
2019-10,wargaming,60
2019-11,wargaming,51
2019-12,wargaming,69
2020-01,wargaming,49
2019-03,watch making,18
2019-04,watch making,18
2019-05,watch making,21
2019-06,watch making,23
2019-07,watch making,23
2019-08,watch making,23
2019-09,watch making,25
2019-10,watch making,26
2019-11,watch making,29
2019-12,watch making,24
2020-01,watch making,25
2019-03,water polo,13
2019-04,water polo,11
2019-05,water polo,12
2019-06,water polo,11
2019-07,water polo,13
2019-08,water polo,11
2019-09,water polo,16
2019-10,water polo,15
2019-11,water polo,14
2019-12,water polo,10
2020-01,water polo,10
2019-03,water sports,50
2019-04,water sports,51
2019-05,water sports,69
2019-06,water sports,79
2019-07,water sports,86
2019-08,water sports,70
2019-09,water sports,51
2019-10,water sports,42
2019-11,water sports,36
2019-12,water sports,41
2020-01,water sports,48
2019-03,wax sealing,59
2019-04,wax sealing,50
2019-05,wax sealing,61
2019-06,wax sealing,48
2019-07,wax sealing,68
2019-08,wax sealing,75
2019-09,wax sealing,37
2019-10,wax sealing,62
2019-11,wax sealing,68
2019-12,wax sealing,70
2020-01,wax sealing,56
2019-03,waxing,95
2019-04,waxing,91
2019-05,waxing,99
2019-06,waxing,100
2019-07,waxing,99
2019-08,waxing,95
2019-09,waxing,83
2019-10,waxing,77
2019-11,waxing,72
2019-12,waxing,72
2020-01,waxing,79
2019-03,weaving,79
2019-04,weaving,70
2019-05,weaving,68
2019-06,weaving,68
2019-07,weaving,69
2019-08,weaving,88
2019-09,weaving,79
2019-10,weaving,66
2019-11,weaving,72
2019-12,weaving,71
2020-01,weaving,81
2019-03,web design,40
2019-04,web design,41
2019-05,web design,37
2019-06,web design,40
2019-07,web design,39
2019-08,web design,46
2019-09,web design,48
2019-10,web design,46
2019-11,web design,40
2019-12,web design,45
2020-01,web design,53
2019-03,weight training,68
2019-04,weight training,68
2019-05,weight training,71
2019-06,weight training,71
2019-07,weight training,64
2019-08,weight training,62
2019-09,weight training,62
2019-10,weight training,58
2019-11,weight training,57
2019-12,weight training,56
2020-01,weight training,67
2019-03,weightlifting,42
2019-04,weightlifting,36
2019-05,weightlifting,38
2019-06,weightlifting,39
2019-07,weightlifting,36
2019-08,weightlifting,35
2019-09,weightlifting,36
2019-10,weightlifting,32
2019-11,weightlifting,34
2019-12,weightlifting,40
2020-01,weightlifting,40
2019-03,welding,49
2019-04,welding,53
2019-05,welding,49
2019-06,welding,48
2019-07,welding,45
2019-08,welding,50
2019-09,welding,50
2019-10,welding,52
2019-11,welding,46
2019-12,welding,45
2020-01,welding,51
2019-03,whale watching,67
2019-04,whale watching,56
2019-05,whale watching,61
2019-06,whale watching,81
2019-07,whale watching,90
2019-08,whale watching,83
2019-09,whale watching,52
2019-10,whale watching,36
2019-11,whale watching,30
2019-12,whale watching,48
2020-01,whale watching,56
2019-03,whisky,76
2019-04,whisky,69
2019-05,whisky,68
2019-06,whisky,67
2019-07,whisky,65
2019-08,whisky,61
2019-09,whisky,63
2019-10,whisky,70
2019-11,whisky,81
2019-12,whisky,99
2020-01,whisky,77
2019-03,whittling,51
2019-04,whittling,59
2019-05,whittling,45
2019-06,whittling,53
2019-07,whittling,62
2019-08,whittling,44
2019-09,whittling,56
2019-10,whittling,81
2019-11,whittling,80
2019-12,whittling,84
2020-01,whittling,59
2019-03,wikipedia editing,57
2019-04,wikipedia editing,9
2019-05,wikipedia editing,42
2019-06,wikipedia editing,27
2019-07,wikipedia editing,0
2019-08,wikipedia editing,17
2019-09,wikipedia editing,48
2019-10,wikipedia editing,47
2019-11,wikipedia editing,16
2019-12,wikipedia editing,23
2020-01,wikipedia editing,29
2019-03,wine tasting,87
2019-04,wine tasting,88
2019-05,wine tasting,93
2019-06,wine tasting,93
2019-07,wine tasting,88
2019-08,wine tasting,90
2019-09,wine tasting,83
2019-10,wine tasting,81
2019-11,wine tasting,75
2019-12,wine tasting,68
2020-01,wine tasting,75
2019-03,winemaking,19
2019-04,winemaking,50
2019-05,winemaking,35
2019-06,winemaking,39
2019-07,winemaking,43
2019-08,winemaking,46
2019-09,winemaking,73
2019-10,winemaking,53
2019-11,winemaking,27
2019-12,winemaking,22
2020-01,winemaking,37
2019-03,witchcraft,73
2019-04,witchcraft,69
2019-05,witchcraft,67
2019-06,witchcraft,70
2019-07,witchcraft,68
2019-08,witchcraft,65
2019-09,witchcraft,86
2019-10,witchcraft,96
2019-11,witchcraft,84
2019-12,witchcraft,71
2020-01,witchcraft,84
2019-03,wood carving,61
2019-04,wood carving,60
2019-05,wood carving,62
2019-06,wood carving,65
2019-07,wood carving,62
2019-08,wood carving,54
2019-09,wood carving,67
2019-10,wood carving,62
2019-11,wood carving,76
2019-12,wood carving,87
2020-01,wood carving,77
2019-03,woodworking,76
2019-04,woodworking,66
2019-05,woodworking,68
2019-06,woodworking,63
2019-07,woodworking,61
2019-08,woodworking,64
2019-09,woodworking,63
2019-10,woodworking,70
2019-11,woodworking,73
2019-12,woodworking,91
2020-01,woodworking,84
2019-03,word games,37
2019-04,word games,34
2019-05,word games,35
2019-06,word games,29
2019-07,word games,100
2019-08,word games,94
2019-09,word games,35
2019-10,word games,41
2019-11,word games,40
2019-12,word games,39
2020-01,word games,37
2019-03,word searches,52
2019-04,word searches,52
2019-05,word searches,71
2019-06,word searches,37
2019-07,word searches,24
2019-08,word searches,39
2019-09,word searches,47
2019-10,word searches,44
2019-11,word searches,50
2019-12,word searches,41
2020-01,word searches,45
2019-03,worldbuilding,58
2019-04,worldbuilding,57
2019-05,worldbuilding,84
2019-06,worldbuilding,74
2019-07,worldbuilding,57
2019-08,worldbuilding,100
2019-09,worldbuilding,60
2019-10,worldbuilding,58
2019-11,worldbuilding,92
2019-12,worldbuilding,74
2020-01,worldbuilding,73
2019-03,wrestling,87
2019-04,wrestling,44
2019-05,wrestling,43
2019-06,wrestling,41
2019-07,wrestling,39
2019-08,wrestling,39
2019-09,wrestling,41
2019-10,wrestling,49
2019-11,wrestling,61
2019-12,wrestling,71
2020-01,wrestling,83
2019-03,writing,74
2019-04,writing,73
2019-05,writing,65
2019-06,writing,52
2019-07,writing,46
2019-08,writing,62
2019-09,writing,87
2019-10,writing,84
2019-11,writing,74
2019-12,writing,63
2020-01,writing,73
2019-03,writing music,61
2019-04,writing music,60
2019-05,writing music,56
2019-06,writing music,37
2019-07,writing music,43
2019-08,writing music,50
2019-09,writing music,63
2019-10,writing music,73
2019-11,writing music,71
2019-12,writing music,53
2020-01,writing music,65
2019-03,yoga,66
2019-04,yoga,63
2019-05,yoga,60
2019-06,yoga,65
2019-07,yoga,65
2019-08,yoga,61
2019-09,yoga,61
2019-10,yoga,58
2019-11,yoga,62
2019-12,yoga,63
2020-01,yoga,72
2019-03,zoo,67
2019-04,zoo,71
2019-05,zoo,73
2019-06,zoo,81
2019-07,zoo,80
2019-08,zoo,72
2019-09,zoo,52
2019-10,zoo,55
2019-11,zoo,49
2019-12,zoo,64
2020-01,zoo,41
2019-03,zumba,34
2019-04,zumba,31
2019-05,zumba,31
2019-06,zumba,31
2019-07,zumba,30
2019-08,zumba,30
2019-09,zumba,29
2019-10,zumba,27
2019-11,zumba,26
2019-12,zumba,24
2020-01,zumba,35
